id,detalle,paso4,img_total,img_negocios,img_masivo
133,SI : GENERAR AVERIA / FIN DE LLAMADA,111,speechmasiva2.PNG,speechmasiva2.PNG,speechmasiva2.PNG
248,NO : TIENE LOS DECOS ACTIVOS EN INTRAWAY?,111,intrawaydecos.PNG,intrawaydecos.PNG,intrawaydecos.PNG
251,DECO ACTIVO EN INTRAWAY ? (SOLICITAR SERIE EL CLIENTE),112,serieactivo.PNG,serieactivo.PNG,serieactivo.PNG
136,SOLICITAR SERIE DE DECO Y  ENVIAR REFRESH ,113,serierefresh.PNG,serierefresh.PNG,serierefresh.PNG
138,TIENE EL PAQUETE CONTRATADO EN ATIS? (SOLICITAR SERIE DEL DECO,115,atisseriedeco.PNG,atisseriedeco.PNG,atisseriedeco.PNG
139,REVISAR CONEXIONADO DEL DECO (HDMI / COAXIAL / TV)    ,116,entradavideo.PNG,entradavideo.PNG,entradavideo.PNG
140,EL MENSAJE ESTA MOSTRANDO MENOS DE 30 MINUTOS ?,117,tiemposw.PNG,tiemposw.PNG,tiemposw.PNG
141,SOLICITAR AL CLIENTE LA SERIE DEL DECODIFICADOR ,118,solicitarseriedeco.PNG,solicitarseriedeco.PNG,solicitarseriedeco.PNG
144,VOLVER AL PASO 02 ,121,sinimagen.png,sinimagen.png,sinimagen.png
145,SI : SE GENERA AVERIA DE PLANTA / FIN DE LLAMADA ,122,speechmasiva2.PNG,speechmasiva2.PNG,speechmasiva2.PNG
146,NO : SE GENERA AVERIA MALA SEÑAL / FIN DE LLAMADA ,122,averiamalasenal.PNG,averiamalasenal.PNG,averiamalasenal.PNG
147,SE SOLUCIONO?,123,sesoluciono.png,sesoluciono.png,sesoluciono.png
148,VOLVER AL PASO 02 ,125,sinimagen.png,sinimagen.png,sinimagen.png
149,SI : SOLUCION EN LINEA / LIMPIEZA DE TARJETA / FIN DE LLAMADA ,126,solucionadotv2.PNG,solucionadotv2.PNG,solucionadotv2.PNG
150,NO : SOLICITAR LA SERIE DEL DECO / ENVIAR REFRESH DE INTRAWAY ,126,serierefresh.PNG,serierefresh.PNG,serierefresh.PNG
253,SE SOLUCIONO?,238,sesoluciono.png,sesoluciono.png,sesoluciono.png
151,VOLVER AL PASO 02 ,128,sinimagen.png,sinimagen.png,sinimagen.png
152,NO : AGENDAR AL BO REMEDY / FIN DE LLAMADA ,129,boremedytv1.PNG,boremedytv1.PNG,boremedytv1.PNG
153,SI : ENVIAR REFRESH ,129,refresh1.PNG,refresh1.PNG,refresh1.PNG
154,VOLVER AL PASO 02,131,lejosdeequipo.png,lejosdeequipo.png,lejosdeequipo.png
155,SE SOLUCIONO?,132,sesoluciono.png,sesoluciono.png,sesoluciono.png
156,SE SOLUCIONO?,133,sesoluciono.png,sesoluciono.png,sesoluciono.png
160,NO : GENERAR RUTINA DE CONTROL / FIN DE LLAMADA,136,rutinacontrol1.PNG,rutinacontrol1.PNG,rutinacontrol1.PNG
158,VOLVER AL PASO 02 ,135,sinimagen.png,sinimagen.png,sinimagen.png
159,SI : SOLUCION EN LINEA / SOPORTE CTRL RMTO / FIN DE LLAMADA ,136,solucionadotv3.PNG,solucionadotv3.PNG,solucionadotv3.PNG
162,VOLVER AL PASO 02 ,138,sinimagen.png,sinimagen.png,sinimagen.png
163,SE SOLUCIONO?,139,sesoluciono.png,sesoluciono.png,sesoluciono.png
164,SE SOLUCIONO?,140,sesoluciono.png,sesoluciono.png,sesoluciono.png
292,SI : SOLUCION EN LINEA / ACTIVACION UPnP / FIN DE LLAMADA,236,Solucionaconfigu.PNG,Solucionaconfigu.PNG,Solucionaconfigu.PNG
255,SI : SOLUCION EN LINEA / RESET CABLE MODEM / FIN DE LLAMADA,240,Solucionadononave.PNG,Solucionadononave.PNG,Solucionadononave.PNG
291,NO : AGENDAR AL BACK WIFI,235,agendaconf.PNG,agendaconf.PNG,agendaconf.PNG
280,SI : SOLUCION EN LINEA / SE CONFIGURA WIFI / FIN DE LLAMADA,233,solucionadowifi.PNG,solucionadowifi.PNG,solucionadowifi.PNG
281,NO : REALIZAR DESCONEXION FISICA DEL CABLE MODEM,233,deschufamodem.PNG,deschufamodem.PNG,deschufamodem.PNG
282,SI : PROCEDER CON LA LIQUIDACIÓN Y VALIDAR SI RETORNO SERVICIO,110,aprobarreq.PNG,aprobarreq.PNG,aprobarreq.PNG
283,NO : SPEECH DE SUSPENSION / FIN DE LLAMADA,110,suspendido1.PNG,suspendido1.PNG,suspendido1.PNG
284,SE SOLUCIONO?,260,sesoluciono.png,sesoluciono.png,sesoluciono.png
295,SI : SOLICITAR SERIE DE DECO Y REALIZAR RESET FACTORY ,263,serieresetfact.PNG,serieresetfact.PNG,serieresetfact.PNG
294,NO : REALIZAR VENTA (CROSS) / FIN DE LLAMADA,263,cross.PNG,cross.PNG,cross.PNG
288,SI : SOLUCIONADO EN LINEA / NATEO / FIN DE LLAMADA,262,Solucionaconfigu.PNG,Solucionaconfigu.PNG,Solucionaconfigu.PNG
289,NO : AGENDAR AL BACK WIFI,262,agendaconf.PNG,agendaconf.PNG,agendaconf.PNG
290,SI : SOLUCIONADO EN LINEA / ACTIVACION DMZ / FIN DE LLAMADA,235,Solucionaconfigu.PNG,Solucionaconfigu.PNG,Solucionaconfigu.PNG
187,SI : AGENDAR BO / COORD. PROVISION / FIN DE LLAMADA ,165,speechmta.PNG,speechmta.PNG,speechmta.PNG
188,NO : TIENE INTERNET? ,165,tieneinternet.PNG,tieneinternet.PNG,tieneinternet.PNG
189,SI : VALIDAR EN PDM /IMS SI ESTA ACTIVA LA TRANSFERENCIA DE LLAMADAS ,166,sinimagen.png,sinimagen.png,sinimagen.png
190,NO : GENERAR AVERIA BACK DE VOZ / FIN DE LLAMADA ,166,speechbovoip.PNG,speechbovoip.PNG,speechbovoip.PNG
191,SI : PROCEDER A REALIZAR LLAMADA TRIPARTITA ,167,llamartripartita.PNG,llamartripartita.PNG,llamartripartita.PNG
192,NO : SPEECH DE NO HAY NADIE EN CASA ,167,lejosdeequipo1.PNG,lejosdeequipo1.PNG,lejosdeequipo1.PNG
193,SI : GENERAR AVERIA BACK DE VOZ / FIN DE LLAMADA ,168,speechbovoip.PNG,speechbovoip.PNG,speechbovoip.PNG
194,NO : GENERAR AVERIA BACK DE VOZ / FIN DE LLAMADA ,168,speechbovoip.PNG,speechbovoip.PNG,speechbovoip.PNG
195,SI : SPEECH AL CLIENTE PARA QUE ESCUCHE SUS MENSAJES DE VOZ ,171,lineasolucionada.PNG,lineasolucionada.PNG,lineasolucionada.PNG
196,NO : REINICIAR EL CABLEMODEM,171,resetsimple.PNG,resetsimple.PNG,resetsimple.PNG
256,NO : REALIZAR RESET FACTORY (PREVIA CAPTURA DE SSID Y CLAVE / ADEMAS DE PORT MAPPING),240,resetfactorymodem.PNG,resetfactorymodem.PNG,resetfactorymodem.PNG
293,NO : AGENDAR AL BACK WIFI,236,agendaconf.PNG,agendaconf.PNG,agendaconf.PNG
271,SI : ESTA CONECTADO FISICAMENTE EL EQUIPO AL MODEM?,253,conectadored.PNG,conectadored.PNG,conectadored.PNG
272,NO : PREGUNTAR AL CLIENTE ¿HAY ALGUIEN EN CASA PARA HACER LA TRIPARTITA?,253,tripartita.PNG,tripartita.PNG,tripartita.PNG
273,NO: NO SE PUEDE CONECTAR VIA WIFI AL MODEM / NO NAVEGA,254,,,
274,SI : VER POTENCIA DE CONEXION WIFI (EQUIPO - CABLE MODEM),254,potenciawifi.PNG,potenciawifi.PNG,potenciawifi.PNG
275,CAMBIO DE CONFIGURACION WIFI,254,,,
276,SI HAY PICOS DE RUIDO,255,ruidoelectriconew.png,ruidoelectriconew.png,ruidoelectriconew.png
277,NO HAY PICOS DE RUIDO,255,ruidoelectriconew.png,ruidoelectriconew.png,ruidoelectriconew.png
278,SI : SE PUEDE CONECTAR VIA WIFI AL MODEM ,256,,,
279,CAMBIO DE CONFIGURACION WIFI,256,,,
246,SE SOLUCIONO?,232,sesoluciono.png,sesoluciono.png,sesoluciono.png
215,SI : AGENDAR BACK GPON / FIN DE LLAMADA,193,speechgpon.PNG,speechgpon.PNG,speechgpon.PNG
216,NO : AGENDAR BACK GPON / FIN DE LLAMADA ,193,speechgpon.PNG,speechgpon.PNG,speechgpon.PNG
217,SI : AGENDAR BACK GPON / FIN DE LLAMADA,194,speechgpon.PNG,speechgpon.PNG,speechgpon.PNG
218,NO : AGENDAR BACK GPON / FIN DE LLAMADA ,194,speechgpon.PNG,speechgpon.PNG,speechgpon.PNG
219,SE SOLUCIONO?,196,sesoluciono.png,sesoluciono.png,sesoluciono.png
220,NO : AGENDAR BACK GPON / FIN DE LLAMADA,197,speechgpon.PNG,speechgpon.PNG,speechgpon.PNG
221,SE SOLUCIONO?,198,sesoluciono.png,sesoluciono.png,sesoluciono.png
222,ASISTENCIA AL CLIENTE PARA HABILITAR WIFI  ,199,sinimagen.png,sinimagen.png,sinimagen.png
223,PROVISIONAR VOZ ,202,sinimagen.png,sinimagen.png,sinimagen.png
224,VALIDAR Y CORREGIR REGISTRO EN IMS/INTRAWAY  ,205,sinimagen.png,sinimagen.png,sinimagen.png
225,MAS DE 10 MINUTOS?,206,sinimagen.png,sinimagen.png,sinimagen.png
228,ASISTENCIA AL CLIENTE PARA HABILITAR WIFI  ,207,sinimagen.png,sinimagen.png,sinimagen.png
229,SE SOLUCIONO?,211,sesoluciono.png,sesoluciono.png,sesoluciono.png
230,INDICAR AL CLIENTE QUE DEBE HACER LIMPIEZA DE VIRUS / ACTUALIZAR SU ANTIVIRUS / FIN DE LLAMADA,212,sinimagen.png,sinimagen.png,sinimagen.png
237,SI : VALIDAR IDPRODUCTO MTA IGUAL (=) A NODE ID EN IMS?,222,sinimagen.png,sinimagen.png,sinimagen.png
238,NO : SPEECH BO VOIP / CORREGIR NODE ID / FIN DE LLAMADA,223,sinimagen.png,sinimagen.png,sinimagen.png
243,SE SOLUCIONO?,229,sesoluciono.png,sesoluciono.png,sesoluciono.png
257,SI : SOLUCION EN LINEA / DESCONEXION FISICA / FIN DE LLAMADA,241,Solucionadononave.PNG,Solucionadononave.PNG,Solucionadononave.PNG
258,NO : GENERAR AVERIA / NO NAVEGA / FIN DE LLAMADA,241,speechnonav.PNG,speechnonav.PNG,speechnonav.PNG
315,ESTA CONECTADO EN LA RED DE SU AMBIENTE,282,,,
261,SE SOLUCIONO?,244,sesoluciono.png,sesoluciono.png,sesoluciono.png
262,SE SOLUCIONO?,246,sesoluciono.png,sesoluciono.png,sesoluciono.png
263,SI : SOLUCION EN LINEA / RESET ELECTRICO / FIN DE LLAMADA,247,Solucionadononave.PNG,Solucionadononave.PNG,Solucionadononave.PNG
264,NO : REALIZAR CAMBIO DE IP EN MULTICONSULTA,247,cambioip.PNG,cambioip.PNG,cambioip.PNG
265,SI : SOLUCION EN LINEA / RESET ELECTRICO / FIN DE LLAMADA,248,Solucionadononave.PNG,Solucionadononave.PNG,Solucionadononave.PNG
266,NO : REALIZAR CAMBIO DE IP EN MULTICONSULTA,248,cambioip.PNG,cambioip.PNG,cambioip.PNG
296,SE SOLUCIONO?,264,solucionado.PNG,solucionado.PNG,solucionado.PNG
269,SI : GENERAR AVERIA / ZONA SATURADA / FIN DE LLAMADA,252,SATURADO1.PNG,SATURADO1.PNG,SATURADO1.PNG
270,NO : GENERAR AVERIA / FIN DE LLAMADA,252,speechnonav.PNG,speechnonav.PNG,speechnonav.PNG
298,NO : AGENDAR POR SRM PARA ACTIVACIÓN (FIN DE LLAMADA),266,degradado.PNG,degradado.PNG,degradado.PNG
299,SI: BRINDAR SOPORTE SEGÚN PROBLEMA (IR ÁRBOL GENERAL),266,,,
300,SI: TIENE AVERIA MASIVA O TTPP,269,,,
301,NO: BRINDAR SOPORTE,269,soportetecnico.PNG,soportetecnico.PNG,soportetecnico.PNG
303,SI: GENERAR AVERÍA (FIN DE LLAMADA),270,averiatv.PNG,averiatv.PNG,averiatv.PNG
304,NO: BRINDAR SOPORTE ,270,soportetecnico.PNG,soportetecnico.PNG,soportetecnico.PNG
305,SI: GENERAR AVERIA (FIN DE LLAMADA),271,speechmasiva.PNG,speechmasiva.PNG,speechmasiva.PNG
306,NO: BRINDAR SOPORTE SEGÚN ÁRBOL NO NAVEGA ,271,,,
307,SI: GENERAR AVERIA R417 ( FIN DE LLAMADA),274,speechmasiva.PNG,speechmasiva.PNG,speechmasiva.PNG
308,NO: AGENDAR POR SRM ,274,sincanalesnacionales.PNG,sincanalesnacionales.PNG,sincanalesnacionales.PNG
309,SE SOLUCIONO, SI: FIN DE LLAMADA,275,,,
310,SE SOLUCIONO, NO: GENERAR AVERIA,275,averiatv.PNG,averiatv.PNG,averiatv.PNG
311,SE SOLUCIONO, SI: FIN DE LLAMADA,277,,,
312,SE SOLUCIONO, NO: GENERAR AVERIA,277,averiatv.PNG,averiatv.PNG,averiatv.PNG
313,SI : FIN DE PROCESO,280,,,
314,NO : REVISE LAS LICENCIAS Y PERMISOS DE SU EQUIPO,280,,,
316,REALIZAR PREGUNTAS DE DESCARTE,283,descartenonave.PNG,descartenonave.PNG,descartenonave.PNG
