detalle,solucion
TELEVISION CATV-DTH,NO CULMINADO
INTERNET - HFC,NO CULMINADO
INTERNET - GPON,NO CULMINADO
TRIO - HFC,NO CULMINADO
SIN SEÑAL,NO CULMINADO
MALA SEÑAL ,NO CULMINADO
TARJETA (EXPIRADA / APAREADA / MAL INSERTADA),NO CULMINADO
TARJETA NO CORRESPONDE,NO CULMINADO
DECODIFICADOR NO ENCIENDE,NO CULMINADO
CONTROL REMOTO NO FUNCIONA,NO CULMINADO
CONTROL REMOTO CONFIGURAR,NO CULMINADO
MODEM ONLINE (SIN MENSAJE) (NO NAVEGA - LENTITUD-INTERMITENCIAS),NO CULMINADO
CABLE MODEM NO PROVISIONADO EN INTRAWAY,NO CULMINADO
CONFIGURACIONES DEL CABLE MODEM,NO CULMINADO
VOIP,NO CULMINADO
DECO BLOQUEADO POR NO USO MAS DE 15 DIAS,NO CULMINADO
NO NAVEGA (PREGUNTAR POR LAS LUCES DEL MODEM) ,NO CULMINADO
MODEM OFFLINE (SIN MENSAJES) (NO NAVEGA-LENTITUD-INTERMITENCIA),NO CULMINADO
INTERMITENCIAS ,NO CULMINADO
SIN SEÑAL EN TODOS SUS SERVICIOS,NO CULMINADO
CABLE MODEM NO ENCIENDE,NO CULMINADO
LISTA DE CANALES VACIA,NO CULMINADO
MENSAJE CORTE EJECUTADO EN INTRAWAY ?,NO CULMINADO
MENSAJE INIT-D / DHCP  ,NO CULMINADO
MENSAJE MENSAJE INIT-R1  / INIT,NO CULMINADO
MENSAJE SIN IP,NO CULMINADO
PROBLEMA DE PLANTA EXTERNA,NO CULMINADO
PROBLEMA DE RED CLIENTE,NO CULMINADO
PUERTO SATURADO,NO CULMINADO
TROBA DENTRO DE TRABAJOS PROGRAMADOS ,NO CULMINADO
PROBLEMAS CON AUDIO,NO CULMINADO
PROBLEMAS CON CANALES DE MUSICA,NO CULMINADO
ES EN TODOS SUS DECOS?,NO CULMINADO
ESTA CERCA DEL EQUIPO? ,NO CULMINADO
VALIDAR ESPACIO EN INTRAWAY - VACIO?,NO CULMINADO
WIFI - CAMBIO DE (NOMBRE DE RED, CLAVE Y OTROS),NO CULMINADO
NAT DE PUERTOS (PORT MAPPING),NO CULMINADO
NO PUEDE LLAMAR? ,NO CULMINADO
NO RECIBE LLAMADAS? ,NO CULMINADO
SERVICIOS SUPLEMENTARIOS ,NO CULMINADO
RUIDO EN LA LINEA ,NO CULMINADO
LENTITUD/INTERMITENCIAS,NO CULMINADO
NO NAVEGA / ASEGURESE QUE EL CABLE MODEM ESTA ENCENDIDO,NO CULMINADO
SOLICITAR SERIE DE DECO Y  ENVIAR REFRESH ,NO CULMINADO
COMO VE LA LUZ ICONO MOUSE? ,NO CULMINADO
COMO VE LA LUZ ICONO wifi 2.4G? ,NO CULMINADO
COMO VE LA LUZ TELEFONO? ,NO CULMINADO
COMO VE LA LUZ WIFI PLUS? ,NO CULMINADO
LUZ AZUL INTERMITENTES POR MOMENTOS? ,NO CULMINADO
ACTIVACION UPnP,NO CULMINADO
VER MENSAJES EN MULTICONSULTA,NO CULMINADO
NO TIENE LINEA,NO CULMINADO
VERIFICAR EN BOTON DATOS DE INTRAWAY QUE MODEM ESTA OPERATIONAL?,NO CULMINADO
ACTIVACION DMZ,NO CULMINADO
REALIZAR BUSQUEDA DE CANALES,NO CULMINADO
VALIDAR EN CMS /  SI SERVICIO ESTA ACTIVO,NO CULMINADO
REALIZAR RESET AL CABLE MODEM DESDE MULTICONSULTA,NO CULMINADO
REVISAR EN MULTICONSULTA QUE TENGA IP DE CPE O CPE-CGNAT,NO CULMINADO
GENERAR AVERIA / FIN DE LLAMADA,AVERIA A CAMPO
REALIZAR UN RESET AL CABLE MODEM,NO CULMINADO
REALIZAR RESET FACTORY (PREVIA CAPTURA DE SSID Y CLAVE / VOLVER A CONFIGURAR WIFI),NO CULMINADO
GENERAR AVERIA DE PLANTA / FIN DE LLAMADA,AVERIA A CAMPO
ES EN TODOS LOS DECOS / AGENDAR EL BO / FIN DE LLAMADA,AGENDA BACK
EN ALGUNOS DECOS REVISAR CONEXION FISICA Y VOLUMEN,NO CULMINADO
ES CLIENTE CON PAQUETE ESTELAR?,NO CULMINADO
SI : EL SERVICIO ESTA ACTIVO EN CMS?,NO CULMINADO
NO : PREGUNTAR AL CLIENTE ¿QUE MENSAJE SALE EN PANTALLA?,NO CULMINADO
NO : SPEECH DE PAGO / FIN DE LLAMADA,SERVICIO SUSPENDIDO
NO : PREGUNTAR AL CLIENTE ¿HAY ALGUIEN EN CASA PARA HACER LA TRIPARTITA? ,NO CULMINADO
SI : ES EN TODOS SUS DECOS? ,NO CULMINADO
SI : ASISTIR AL CLIENTE CON LIMPIEZA DE TARJETA ,NO CULMINADO
SI : SOLICITAR LA SERIE DEL DECO Y TARJETA / REVISAR EN CMS E INTRAWAY ,NO CULMINADO
SI : PREGUNTAR AL CLIENTE ¿EL LED DEL DECODIFICADOR ESTA ENCENDIDO? ,NO CULMINADO
SI : ASISTIR CON EL SOPORTE AL CONTROL ,NO CULMINADO
SI : DESEA CONFIGURAR CONTROL CON DECO? ,NO CULMINADO
POR CABLE DE RED Y WIFI?,NO CULMINADO
NO : REALIZAR DESCONEXION FISICA  DEL CABLE MODEM,NO CULMINADO
SOLOR POR WIFI?,NO CULMINADO
SI : AGENDAR BACK / PROVISION DE CABLE MODEM / FIN DE LLAMADA,AGENDA BACK
NO : VALIDAR MAC DE MODEM EN INTRAWAY - COINCIDE CON EL DEL CLIENTE?,NO CULMINADO
INGRESAR A MULTICONSULTA Y ACTIVAR EL DMZ,NO CULMINADO
INGRESAR A MULTICONSULTA Y REALIZAR EL NATEO,NO CULMINADO
INGRESAR AL BOTON CABLE MODEM - PESTAÑA WIFI (HACER CAMBIOS),NO CULMINADO
VALIDAR EN SISTEMAS SI SERVICIO ESTA ACTIVO ,NO CULMINADO
VALIDAR EN ATIS QUE TENGA CONTRATADO EL SERVICIO SUPLEMENTARIO ,NO CULMINADO
PREGUNTAR SI ESCUCHA INDUCCION DE AUDIO AJENO ,NO CULMINADO
SOLO POR WIFI?,NO CULMINADO
SE SOLUCIONO?,NO CULMINADO
AZUL INTERMITENTE (LENTO) ,NO CULMINADO
AZUL INTERMITENTE (RAPIDO) ,NO CULMINADO
AZUL FIJO ,NO CULMINADO
ROJO FIJO ,NO CULMINADO
ROJO INTERMITENTE (LENTO) ,NO CULMINADO
APAGADO ,NO CULMINADO
VERDE FIJO ,NO CULMINADO
NO : EL PROBLEMA ES POR ETHERNET? ,NO CULMINADO
NO : EL PROBLEMA ES POR WIFI? ,NO CULMINADO
SI : PREGUNTAR AL CLIENTE CUANTAS MAQUINAS ESTAN CONECTADAS AL EQUIPO? ,NO CULMINADO
PROBLEMA PEXT?,NO CULMINADO
PROBLEMA DE RED CLIENTE?,NO CULMINADO
MTA PROVISIONADO EN INTRAWAY?,NO CULMINADO
INGRESAR A MULTICONSULTA Y ACTIVA EL UPnP,NO CULMINADO
SI : PREGUNTAR AL CLIENTE ¿LOS LEDS DEL CABLE MODEM  ESTAN ENCENDIDOS?  ,NO CULMINADO
SI : REALIZAR RESET AL CABLE MODEM DESDE MULTICONSULTA,NO CULMINADO
SI : ACTIVAR CABLE MODEM  / ASEGURESE QUE EL MODEM ESTA ENCENDIDO,NO CULMINADO
NO : REALIZAR RESET ELECTRICO,NO CULMINADO
NO : REALIZAR VENTA (CROSS) / FIN DE LLAMADA,VENTA EN LINEA
SI : PUEDE ACCEDER A LOS CANALES DE MUSICA,NO CULMINADO
NO : REVISAR EN CMS, TIENE ORDEN DE RECONEXION PENDIENTE?,NO CULMINADO
SI : VERIFICAR - TIENE MENSAJE DE PLANTA EN MULTICONSULTA?,NO CULMINADO
SIN SEÑAL LLAME AL 0800 / DECO SIN SEÑAL 006,NO CULMINADO
ACTIVACION EN PROCESO,NO CULMINADO
CANAL NO CONTRATADO / NO PERTENECE A SU PAQUETE  ,NO CULMINADO
INDICA NO VER EL CANAL O SE SALTEA ,NO CULMINADO
PANTALLA NEGRA O AZUL / NO HAY SEÑAL / PANTALLA LLUVIOSA ,NO CULMINADO
ACTUALIZANDO SOFTWARE ,NO CULMINADO
SIN CANALES HD -- CLIENTES DTH ,NO CULMINADO
CUAL ES EL PROBLEMA?,NO CULMINADO
SI : SOLUCION EN LINEA / DESCONEXION FISICA / FIN DE LLAMADA ,SOLUCIONADO EN LINEA
NO : SPEECH NO HAY NADIE EN CASA ,NO CULMINADO
SI : PROCEDER A REALIZAR LA LLAMADA TRIPARTITA ,NO CULMINADO
NO : REVISAR LA CONEXION DEL COAXIAL (DESENROSCA Y ENROSCA) ,NO CULMINADO
COINCIDEN LA SERIE? ,NO CULMINADO
SI : SOLICITAR QUE PRESIONE EL BOTON Y ENCIENDA EL DECO ,NO CULMINADO
NO : SOLICITAR AL CLIENTE QUE PRUEBE EN OTRA TOMA DE CORRIENTE ,NO CULMINADO
SI : REALIZAR PROCEDIMIENTO DE CONFIGURACION ,NO CULMINADO
NO : SOLICITAR AL CLIENTE LOS 4 DIGITOS DEL EQUIPO AL QUE DESEA CONFIGURAR Y REALIZAR CONFIGURACION ,NO CULMINADO
SI : IR CASUISTICA NO NAVEGA,NO CULMINADO
SE PUEDE CONECTAR AL WIFI O CAMBIO LA CONFIGURACION?,NO CULMINADO
NO : SPEECH SUSPESION ,NO CULMINADO
SI : TIENE MENSAJE DE MTA NO PROVISIONADO EN MULTICONSULTA ,NO CULMINADO
SI : VALIDAR QUE LINEA ESTE REGISTRADA EN IMS ,NO CULMINADO
SI : VALIDAR EN IMS QUE ESTE CONFIGURADO ,NO CULMINADO
NO : OFRECER SERVICIO SUPLEMENTARIO (VENTA) / FIN DE LLAMADA ,VENTA EN LINEA
SI : GENERAR AVERIA DE VOZ / FIN DE LLAMADA ,AVERIA A CAMPO
NO : PREGUNTAR AL CLIENTE SI ESCUCHA PITIDO REPETITIVO ,NO CULMINADO
VERIFICAR SI HAY PICOS DE RUIDO EN GRAFICA DE RF MULTICONSULTA,NO CULMINADO
NO : AGENDAR BACK DE VOZ (PROVISIONAR MTA) / FIN DE LLAMADA,AGENDA BACK
SI : VALIDAR EN IMS ESTA REGISTRADO?,NO CULMINADO
SI : SOLUCIONADO EN LINEA / SEGUNDO REFRESH / FIN DE LLAMADA,SOLUCIONADO EN LINEA
NO : SOLICITAR QUE RETIRE LA TAREJA LA COLOQUE Y ENVIAR REFRESH,NO CULMINADO
ESTA EN ESTE ESTADO MAS DE 15 MINUTOS? ,NO CULMINADO
EL MODEM ESTA SINCRONIZADO PARA NAVEGAR ,NO CULMINADO
ERROR DE HARDWARE O FIRMWARE (REINICIO ELECTRICO EL EQUIPO) ,NO CULMINADO
NIVEL DE POTENCIA OPTICA DEBAJO DEL UMBRAL ,NO CULMINADO
ASEGURAR ALIMENTACION ELECTRICA AL EQUIPO ,NO CULMINADO
NO : AGENDAR BACK - CAMBIO DE MODEM EN INTRAWAY / FIN DE LLAMADA,AGENDA BACK
INTERFACE WIFI DESHABILITADA ,NO CULMINADO
EXISTE TRAFICO WIFI POR RED 2.4Mhz (NO ES UN PROBLEMA) ,NO CULMINADO
ES INTENTO DEL CLIENTE DE CONECTARSEPOR WPS (NO ES UN PROBLEMA) ,NO CULMINADO
VOZ NO PROVISIONADA ,NO CULMINADO
SERVICIO DE VOZ DISPONIBLE (NO ES PROBLEMA) ,NO CULMINADO
EN PROCESO DE REGISTRO (NO ES PROBLEMA) ,NO CULMINADO
FALLO EL REGISTRO EN LA RED ,NO CULMINADO
LLAMADA ENTRANTE / SALIENTE ,NO CULMINADO
INDICAR AL CLIENTE QUE DEBE HACER LIMPIEZA DE VIRUS / ACTUALIZAR SU ANTIVIRUS ,NO CULMINADO
ASISTENCIA AL CLIENTE PARA CONFIGURACION WIFI ,NO CULMINADO
MAS DE 4 PCS ,NO CULMINADO
DECO SUSPEDIDO POR FALTA DE PAGO,NO CULMINADO
PLANTA EXTERNA    ,NO CULMINADO
RED CLIENTE    ,NO CULMINADO
SI : VOLVER A PASO 1 NO NAVEGA,NO CULMINADO
SI : SOLUCION EN LINEA / BUSQUEDA CANALES / FIN DE LLAMADA,SOLUCIONADO EN LINEA
NO : SOLICITAR SERIE DEL DECO Y ENVIAR REFRESH,NO CULMINADO
SI : SOLUCION EN LINEA / RESET CABLE MODEM / FIN DE LLAMADA ,SOLUCIONADO EN LINEA
NO : REALIZAR RESET ELECTRICO DEL CABLE MODEM,NO CULMINADO
NO : GENERAR AVERIA / NO NAVEGA / FIN DE LLAMADA,AVERIA A CAMPO
SI : SOLUCION EN LINEA / RESET FACTORY / FIN DE LLAMADA,SOLUCIONADO EN LINEA
NO : ESTADO DE MODEM ON LINE?,NO CULMINADO
SI : GENERAR AVERIA / FIN DE LLAMADA,AVERIA A CAMPO
NO : VERIFICAR SI TIENE LOS DECOS ACTIVOS EN INTRAWAY?,NO CULMINADO
DECO ACTIVO EN INTRAWAY ? (SOLICITAR SERIE EL CLIENTE),NO CULMINADO
TIENE EL PAQUETE CONTRATADO EN ATIS? (SOLICITAR SERIE DEL DECO),NO CULMINADO
TIENE EL PAQUETE CONTRATADO EN ATIS? (SOLICITAR SERIE DEL DECO,NO CULMINADO
REVISAR CONEXIONADO DEL DECO (HDMI / COAXIAL / TV)    ,NO CULMINADO
EL MENSAJE ESTA MOSTRANDO MENOS DE 30 MINUTOS ?,NO CULMINADO
SOLICITAR AL CLIENTE LA SERIE DEL DECODIFICADOR ,NO CULMINADO
VOLVER AL PASO 02 ,NO CULMINADO
SI : SE GENERA AVERIA DE PLANTA / FIN DE LLAMADA ,NO CULMINADO
NO : SE GENERA AVERIA MALA SEÑAL / FIN DE LLAMADA ,AVERIA A CAMPO
SI : SOLUCION EN LINEA / LIMPIEZA DE TARJETA / FIN DE LLAMADA ,SOLUCIONADO EN LINEA
NO : SOLICITAR LA SERIE DEL DECO / ENVIAR REFRESH DE INTRAWAY ,NO CULMINADO
NO : AGENDAR AL BO REMEDY / FIN DE LLAMADA ,AGENDA BACK
SI : ENVIAR REFRESH ,NO CULMINADO
NO : GENERAR RUTINA DE CONTROL / FIN DE LLAMADA,RUTINA
SI : SOLUCION EN LINEA / SOPORTE CTRL RMTO / FIN DE LLAMADA ,SOLUCIONADO EN LINEA
SI : SOLUCION EN LINEA / ACTIVACION UPnP / FIN DE LLAMADA,SOLUCIONADO EN LINEA
NO : TRANSFERIR LA LLAMADA (POOL VIDEO LLAMADA),AGENDA VIDEO LLAMADA
SI : SOLUCION EN LINEA / SE CONFIGURA WIFI / FIN DE LLAMADA,SOLUCIONADO EN LINEA
NO : REALIZAR DESCONEXION FISICA DEL CABLE MODEM,NO CULMINADO
SI : PROCEDER CON LA LIQUIDACIÓN Y VALIDAR SI RETORNO SERVICIO,NO CULMINADO
NO : SPEECH DE SUSPENSION / FIN DE LLAMADA,SERVICIO SUSPENDIDO
NO PUEDO ACCEDER A LOS CANALES O NO ESCUCHO EL AUDIO,NO CULMINADO
NO PUEDO SALIR DE LOS CANALES SOLO ESCUCHO MUSICA,NO CULMINADO
SI : SOLUCIONADO EN LINEA / NATEO / FIN DE LLAMADA,SOLUCIONADO EN LINEA
SI : SOLUCIONADO EN LINEA / ACTIVACION DMZ / FIN DE LLAMADA,SOLUCIONADO EN LINEA
SI : AGENDAR BO / COORD. PROVISION / FIN DE LLAMADA ,AGENDA BACK
NO : TIENE INTERNET? ,NO CULMINADO
SI : VALIDAR EN PDM /IMS SI ESTA ACTIVA LA TRANSFERENCIA DE LLAMADAS ,NO CULMINADO
NO : GENERAR AVERIA BACK DE VOZ / FIN DE LLAMADA ,AVERIA A CAMPO
SI : PROCEDER A REALIZAR LLAMADA TRIPARTITA ,NO CULMINADO
NO : SPEECH DE NO HAY NADIE EN CASA ,NO CULMINADO
SI : GENERAR AVERIA BACK DE VOZ / FIN DE LLAMADA ,AVERIA A CAMPO
SI : SPEECH AL CLIENTE PARA QUE ESCUCHE SUS MENSAJES DE VOZ ,NO CULMINADO
NO : REINICIAR EL CABLEMODEM,NO CULMINADO
NO : REALIZAR RESET FACTORY (PREVIA CAPTURA DE SSID Y CLAVE / ADEMAS DE PORT MAPPING),NO CULMINADO
SI : ESTA CONECTADO FISICAMENTE EL EQUIPO AL MODEM?,NO CULMINADO
NO: NO SE PUEDE CONECTAR VIA WIFI AL MODEM / NO NAVEGA,NO CULMINADO
SI : VER POTENCIA DE CONEXION WIFI (EQUIPO - CABLE MODEM),NO CULMINADO
CAMBIO DE CONFIGURACION WIFI,NO CULMINADO
SI HAY PICOS DE RUIDO,NO CULMINADO
NO HAY PICOS DE RUIDO,NO CULMINADO
SI : SE PUEDE CONECTAR VIA WIFI AL MODEM ,NO CULMINADO
SI : VER EN INTRAWAY - HA TENIDO SUSPENSION / UPGRADE DE VELOCIDAD? ,NO CULMINADO
NO : AGENDAR BACK GPON / CUARENTENA / FIN DE LLAMADA ,AGENDA BACK
GENERAR AVERIA VISITA AL CLIENTE ,NO CULMINADO
ASISTENCIA AL CLIENTE PARA HABILITAR WIFI  ,NO CULMINADO
PROVISIONAR VOZ ,NO CULMINADO
VALIDAR Y CORREGIR REGISTRO EN IMS/INTRAWAY  ,NO CULMINADO
MAS DE 10 MINUTOS?,NO CULMINADO
SOLICITAR SERIE DEL DECO, VALIDAR EN CMS, LE CORRESPONDE AL CLIENTE?,NO CULMINADO
SI : GENERAR AVERIA R417 / FIN DE LLAMADA   ,AVERIA A CAMPO
SI : GENERAR AVERIA / SIN SEÑAL / FIN DE LLAMADA   ,AVERIA A CAMPO
SI : VALIDAR IDPRODUCTO MTA IGUAL (=) A NODE ID EN IMS?,NO CULMINADO
NO : AGENDAR BACK DE VOZ / CORREGIR NODE ID / FIN DE LLAMADA,AGENDA BACK
SI : SOLUCION EN LINEA / FIN DE LLAMADA,SOLUCIONADO EN LINEA
NO : PREGUNTAR SI ESTA CONECTADO A LA CORRIENTE,NO CULMINADO
SI : SOLUCION EN LINEA / RESET ELECTRICO / FIN DE LLAMADA,SOLUCIONADO EN LINEA
NO : REALIZAR CAMBIO DE IP EN MULTICONSULTA,NO CULMINADO
SI : GENERAR AVERIA R426 SATURACION / FIN DE LLAMADA ,AVERIA SATURACION
NO : GENERAR AVERIA / FIN DE LLAMADA,AVERIA A CAMPO
NO : AGENDAR AL BACK / FIN DE LLAMADA,AGENDA BACK
SI : ESTA CERCA DEL EQUIPO?,NO CULMINADO
SI : MEDIR POTENCIA / DENTRO DEL RANGO?,NO CULMINADO
NO : PROCEDER CON EL CROSS (VENTA) / FIN DE LLAMADA,VENTA EN LINEA
SI : LE CORRESPONDE EL CANAL SEGÚN PAQUETE REGISTRADO EN CMS?,NO CULMINADO
SI : SOLUCION EN LINEA / REFRESH DECO / FIN DE LLAMADA,SOLUCIONADO EN LINEA
SI : INDICAR AL CLIENTE QUE ESPERE (EL PROCESO 30 MINUTOS) / FIN DE LLAMADA,SOLUCIONADO EN LINEA
NO : REALIZAR PROCEDIMIENTO DE ACTUALIZACION DE SOFTWARE,NO CULMINADO
TIENE EL PAQUETE CONTRATADO EN ATIS? ,NO CULMINADO
NO : SOLICITAR RETIRE LA TARJETA Y ENVIAR SEGUN REFRESH,NO CULMINADO
SI : ENVIAR RESET AL EQUIPO,NO CULMINADO
SI : SOLUCION EN LINEA /AJUSTE CONEXION COAXIAL / FIN DE LLAMADA ,SOLUCIONADO EN LINEA
NO : MEDIR POTENCIA, ESTA DENTRO DEL RANGO? ,NO CULMINADO
SI : SOLUCION EN LINEA / ENCIENDE DECO / FIN DE LLAMADA ,SOLUCIONADO EN LINEA
NO : SOLICITAR AL CLIENTE QUE REALICE EL RESET ELECTRICO ,NO CULMINADO
NO : TIENE MARCA EN MC (FASE1, FASE2, MASIVO),NO CULMINADO
SI : SOLUCION EN LINEA / CONFIGURA CTRL RMTO / FIN DE LLLAMADA ,SOLUCIONADO EN LINEA
NO : SOLICITAR SERIE Y REALIZAR RESET FACTORY,NO CULMINADO
NO : CONF CTRL RMTO SIN SOLUCION / AGENDA BACK / FIN DE LLAMADA ,AGENDA BACK
SI : SOLUCION EN LINEA / REINICIO FISICO DEL EQUIPO / FIN DE LLAMADA,SOLUCIONADO EN LINEA
NO : TRANFERIR LA LLAMADA (POOL VIDEO LLAMADA),AGENDA VIDEO LLAMADA
CLIENTE INDICA QUE YA CANCELO / PREGUNTAR CUANDO LO HIZO,NO CULMINADO
AYUDAR CON EL PROCESO / FIN DE LLAMADA,ASISTENCIA
SOLICITAR LA SERIE DEL DECO Y ENVIAR REFRESH,NO CULMINADO
GENERAR AVERIA R434 DHCP / FIN DE LLAMADA,AVERIA A INTRAWAY DHCP
SI : SOLUCIONADO EN LINEA / RESET ELECTRICO CABLE MODEM / FIN DE LLAMADA,SOLUCIONADO EN LINEA
NO : VER CASUISTICA DE NO NAVEGA ,NO CULMINADO
SI : VALIDAR SI MTA TIENE IP ? ,NO CULMINADO
SI : PEDIR AL CLIENTE DESACTIVAR CON #21# ¿SE RESOLVIO? ,NO CULMINADO
NO : GENERAR AVERIA DE VOZ / FIN DE LLAMADA ,AVERIA A CAMPO
VOLVER AL PASO 03 - CLICK EN SI ,NO CULMINADO
SI : REALIZAR DESCONEXIÓN FISICA DEL CABLE MODEM,NO CULMINADO
NO : SE DA SPEECH - NO HAY NADIE EN CASA,NO CULMINADO
REINICIAR CABLE MODEM(ESPERAR 1 MINUTO),NO CULMINADO
POTENCIA EN ROJO,NO CULMINADO
POTENCIA EN VERDE,NO CULMINADO
INGRESAR AL BOTON CABLE MODEM Y CONFIGURAR WIFI,NO CULMINADO
GENERAR AVERIA R417 / FIN DE LLAMADA,AVERIA A CAMPO
VALIDAR SI TIENE LA VELOCIDAD CONTRATADA ATIS VS MULTICONSULTA,NO CULMINADO
GENERAR AVERIA  / FIN DE LLAMADA,AVERIA A CAMPO
NO : REALIZAR RESET FACTORY,NO CULMINADO
SI : SOLUCION EN LINEA / SEGUNDO REFRESH/ FIN DE LLAMADA,SOLUCIONADO EN LINEA
NO : GENERAR AVERIA VISITA AL CLIENTE ,AVERIA A CAMPO
SI : SOLUCION EN LINEA / CONEXION ELECTRICA / FIN LLAMADA ,SOLUCIONADO EN LINEA
NO : ESPERAR LIBERACION DE LINEA / FIN DE LLAMADA,SOLUCIONADO EN LINEA
SI : RESET ELECTRICO DEL EQUIPO,NO CULMINADO
SI : SOLUCIONADO EN LINEA / ASISTENCIA CONF. WIFI / FIN LLAMADA ,SOLUCIONADO EN LINEA
NO : AGENDAR BACK / ACTIVAR DECO / REMEDY / FIN DELLAMADA,AGENDA BACK
SI : SOLUCION EN LINEA / REFRESH / FIN DE LLAMADA,SOLUCIONADO EN LINEA
SI : VALIDAR MAC DE VOZ DEBE SER IGUAL IMS VS INTRAWAY,NO CULMINADO
NO : AGENDAR BACK DE VOZ / CORREGIR MAC DE MTA EN INTRAWAY / FIN DE LLAMADA,AGENDA BACK
NO : SOLICITAR CONECTAR A LA TOMA DE CORRIENTE,NO CULMINADO
SI : SOLUCION EN LINEA/ REFRESH DECO / FIN DE LLAMADA ,SOLUCIONADO EN LINEA
NO : PROCEDER AL CROSS (VENTA) / FIN DE LLAMADA ,VENTA EN LINEA
SI : REVISAR (INTRAWAY y CMS) TIENE EL PAQUETE ASIGNADO?,NO CULMINADO
SI : REVISAR SI EN INTRAWAY ESTA ASIGNADO ,NO CULMINADO
SI : SOLUCION EN LINEA / AJUSTE DE CONEXIONADO / FIN DE LLAMADA,SOLUCIONADO EN LINEA
NO : PREGUNTAR AL CLIENTE SI PUEDE VER EL CANAL 7 (TV PERU)?,NO CULMINADO
SI : REVISAR (INTRAWAY y CMS) SI TIENE EL PAQUETE ASIGNADO?,NO CULMINADO
NO : LA POTENCIA ES ESTABLE? ,NO CULMINADO
SI : REALIZAR UN RESET FACTORY,NO CULMINADO
NO : REFRESH SIN SOLUCION / AGENDAR BACK / FIN DE LLAMADA,AGENDA BACK
SI : AGENDAR AL BO PARA LA RECONEXION / FIN DE LLAMADA,AGENDA BACK
SI: REVISAR (INTRAWAY y CMS) TIENE EL PAQUETE ASIGNADO?,NO CULMINADO
SI : REVISAR SI CUENTA CON SATURACION EN MULTICONSULTA,NO CULMINADO
NO : GENERAR AVERIA / PROBLEMA DECO / FIN DE LLAMADA,AVERIA A CAMPO
SI : SOLUCIONADO EN LINEA / CAMBIO DE IP / FIN DE LLAMADA,SOLUCIONADO EN LINEA
NO : VER ACCION SEGUN SEGMENTO / FIN DE LLAMADA,NO CULMINADO
NO : REINICIAR EL CABLE MODEM ,NO CULMINADO
SI : VALIDAR QUE MAC DE MTA ESTE PROVISIONADA EN IMS ,NO CULMINADO
SI : SOLUCION EN LINEA / DESACTIVA TRANSFERENCIA DE LLAMADA ,SOLUCIONADO EN LINEA
NO : SE ACTIVARON LOS DECOS EN INTRAWAY,NO CULMINADO
NO : SUBIR VELOCIDAD EN MULTICONSULTA,NO CULMINADO
ESTA CONECTADO FISICAMENTE EL EQUIPO AL MODEM?,NO CULMINADO
RECOMENDAR COMPRA DE AP DUAL BAND / FIN DE LLAMADA,VENTA EN LINEA
VERIFICAR: HAY DISPOSITIVOS CONECTADOS VIA WIFI,NO CULMINADO
SI : SOLUCION EN LINEA / SE LIQ RECONEXION / FIN DE LLAMADA,SOLUCIONADO EN LINEA
NO: PROCEDER CON EL CROSS (VENTA) / FIN DE LLAMADA,VENTA EN LINEA
SI : SOLUCION DE LINEA / RESET CABLE MODEM / FIN DE LLAMADA,SOLUCIONADO EN LINEA
SI : SOLUCION EN LINEA / PROVISION DE VOZ INTRAWAY / FIN LLAMADA ,SOLUCIONADO EN LINEA
SI : GENERAR RUTINA / FIN DE LLAMADA,RUTINA
SI : REINICIAR CABLE MODEM,NO CULMINADO
SI : PREGUNTAR QUE MENSAJE SALE EN PANTALLA,NO CULMINADO
SI : SOLICITAR LA SERIE Y ENVIAR REFRESH,NO CULMINADO
SI : SOLUCION EN LINEA / ACTUALIZA SOFTWARE DECO / FIN DE LLAMADA ,SOLUCIONADO EN LINEA
NO : REALIZAR LA CONFIGURACION POR DEFECTO,NO CULMINADO
SI : TIENE CONFIGURADO EL LNB ?,NO CULMINADO
NO : REALIZAR DESCONEXION FISICA,NO CULMINADO
SI : ENVIAR REFRESH A TODOS LOS DECOS,NO CULMINADO
SI : REALIZAR UN RESET FACTORY DESDE INTRAWAY,NO CULMINADO
SI : VALIDAR EN IMS SI CUENTACON RESTRICCIONES ,NO CULMINADO
NO : VERIFICAR CONECTIVIDAD (PESTAÑA DIAGNOSTICO / BOTON CABLE MODEM),NO CULMINADO
NO : SOLICITAR QUE CONECTE VIA CABLE DE RED,NO CULMINADO
NO : CONFIRMAR CON EL CLIENTE EL NOMBRE Y CLAVE DE LA RED WIFI,NO CULMINADO
SI : ASISTENCIA AL CLIENTE PARA QUE CONFIGURE SUS DISPOSITIVOS,NO CULMINADO
SI : SOLUCION EN LINEA / CONFIGURACION WIFI / FIN DE LLAMADA,SOLUCIONADO EN LINEA
SI : SOLUCION EN LINEA / CONFIGURA WIFI / FIN DE LLAMADA ,SOLUCIONADO EN LINEA
SI : SOLUCION EN LINEA / SEGUNDO REFRESH / FIN DE LLAMADA,SOLUCIONADO EN LINEA
SI : SOLUCIONADO EN LINEA / REFRESH / FIN DE LLAMADA,SOLUCIONADO EN LINEA
ACTIVACION EN PROCESO / DECO BLOQUEADO POR USO,NO CULMINADO
SI : PROCEDER A REALIZAR LA LLAMADA TRIPARTITA (VOLVER AL PASO 07),NO CULMINADO
NO : SOLICITAR QUE RETIRE LA TAREJA LA COLOQUE Y ENVIAR  REFRESH,NO CULMINADO
NO : GENERAR R414 CUARENTENA / FIN DE LLAMADA,CUARENTENA
ENVIAR REFRESH A TODOS LOS DECOS,NO CULMINADO
NO : REALIZAR UN RESET FACTORY ,NO CULMINADO
NO : REALIZAR LA CONFIGURACIÓN DEL LNB,NO CULMINADO
NO : AGENDA AL BACK DE VELOCIDAD / FIN DE LLAMADA ,AGENDA BACK
NO : DESCONEXION FISICA ,NO CULMINADO
NO : CONFIGURAR NOMBRE Y CLAVE DE WIFI,NO CULMINADO
SE IDENTIFICA PROBLEMA DEL LADO CLIENTE?,NO CULMINADO
SI : SOLUCIONADO EN LINEA / CORRIGE VELOCIDAD / FIN DE LLAMADA,SOLUCIONADO EN LINEA
NO : GENERAR AVERIA /FIN DE LLAMADA,AVERIA A CAMPO
ES CLIENTE CATV?,NO CULMINADO
SI : SOLUCION EN LINEA / REFRESH/ FIN DE LLAMADA ,SOLUCIONADO EN LINEA
NO : REALIZAR CONFIGURACION POR DEFECTO,NO CULMINADO
SI : SPEECH LADO CLIENTE / FIN DE LLAMADA,LADO CLIENTE
SE SOLUCIONO ?,NO CULMINADO
SI : SPEECH DE GARANTIA DE VELOCIDAD / FIN DE LLAMADA,GARANTIA VELOCIDAD
SI : SOLUCION EN LINEA / CONEXION LAN / FIN LLAMADA,SOLUCIONADO EN LINEA
NO : VALIDAR PORTADORAS UPSTREAM Y DOWNSTREAM EN BOTON CABLE MODEM (PESTAÑA STATUS),NO CULMINADO
SI : SOLUCION EN LINEA / CONFIGURACION / FIN DE LLAMADA,SOLUCIONADO EN LINEA
SI : LE CORRESPONDE EL CANAL SEGÚN PAQUETE REGISTRADO EN CMS ?,NO CULMINADO
NO : ASEGURAR QUE TODOS SUS DECOS ESTEN CONECTADOS,NO CULMINADO
SI : GENERAR AVERIA SIN SEÑAL / FIN DE LLAMADA,AVERIA A CAMPO
NO : GENERAR AVERIA SIN SENAL / FIN DE LLAMADA,AVERIA A CAMPO
SI : SOLUCION EN LINEA / CONEXION ENTRADA DE VIDEO DECO / FIN DE LLAMADA,SOLUCIONADO EN LINEA
NO : AGENDAR BO / FIN DE LLAMADA,AGENDA BACK
NO : PROCEDE AL CROSS (VENTA)  / FIN DE LLAMADA,VENTA EN LINEA
SI : SOLUCION EN LINEA / CONFIGURA LNB / FIN DE LLAMADA,SOLUCIONADO EN LINEA
NO : GENERAR AVERIA / PROBL. DECO / FIN DE LLAMADA,AVERIA A CAMPO
NO : SOLICITAR QUE RETIRE LA TAREJA LA COLOQUE Y ENVIAR SEGUNDO REFRESH,NO CULMINADO
SI : SOLUCION EN LINEA / DESCONEXION FISICA / FIN DE LLAMADA,SOLUCIONADO EN LINEA
SI : SOLUCION EN LINEA / RESET CABLE MODEM / FIN DE LLAMADA,SOLUCIONADO EN LINEA
SI : SOLUCIONADO EN LINEA / CONFIGURA WIFI / FIN DE LLAMADA,SOLUCIONADO EN LINEA
NO : VERIFICAR TARJETA WIFI,NO CULMINADO
MENOS DE 8 DOWNTREAM,NO CULMINADO
MENOS DE 2 UPSTREAM,NO CULMINADO
SI TIENE PORTADORAS COMPLETAS,NO CULMINADO
HAY DISPOSITIVOS CONECTADOS VIA WIFI ?,NO CULMINADO
SI : SOLUCION EN LINEA / REFRESH TODOS LOS DECOS / FIN DE LLAMADA,SOLUCIONADO EN LINEA
NO : GENERAR AVERIA / SIN SEÑAL / FIN DE LLAMADA,AVERIA A CAMPO
SI : SOLUCION EN LINEA / CONFIGURA FABRICA DECO / FIN DE LLAMADA,SOLUCIONADO EN LINEA
NO : AGENDA BACK / CONFIG SIN SOLUCION / FIN DE LLAMADA,AGENDA BACK
NO : TIENE MENSAJE EN MC (PREMIUM FASE1, PREMIUM FASE2, MASIVO),NO CULMINADO
NO : AGENDA AL BACK / FIN DE LLAMADA,AGENDA BACK
REALIZAR PRUEBA DE VELOCIDAD - MEDICION OK?  (VALIDAR QUE CUMPLA EL PROCEDIMIENTO),NO CULMINADO
SI : SOLUCION EN LINEA / CONFIGURACION POR DEFECTO / FIN DE LLAMADA,SOLUCIONADO EN LINEA
GENERAR AVERIA R041 o R413 / FIN DE LLAMADA,AVERIA A CAMPO
SI : ENVIAR REFRESH A TODOS SUS DECOS,NO CULMINADO
SI : SE ENVIA REFRESH A TODOS SUS EQUIPOS,NO CULMINADO
SI : SOLUCION EN LINEA / CONEXION FISICA DE DECOS /FIN DE LLAMADA,SOLUCIONADO EN LINEA
SI : SPEECH DEL LADO CLIENTE / FIN DE LLAMADA,LADO CLIENTE
NO : AGENDAR BACK / GESTION DE VELOCIDAD / FIN DE LLAMADA,AGENDA BACK
CUAL ES SU PROBLEMA,NO CULMINADO
VALIDAR EN CMS SI SERVICIO ESTA ACTIVO ,NO CULMINADO
NO PUEDE SALIR DE LOS CANALES DE MUSICA,NO CULMINADO
NO PUEDO ACCEDER A LOS CANALES DE MUSICA,NO CULMINADO
REALIZAR PROCESO CON EL CONTROL REMOTO DEL DECO,NO CULMINADO
NO : SPEECH SUSPESION / FIN DE LLAMADA,SERVICIO SUSPENDIDO
SI : TIENE MENSAJE DE MTA NO PROVISIONADO EN MULTICONSULTA ?,NO CULMINADO
VALIDAR EN CMS, CUENTA CON EL PAQUETE ESTELAR?,NO CULMINADO
NO : SPEECH BO VOIP / PROVISIONAR MTA / FIN DE LLAMADA ,AGENDA BACK
EL MODEM ESTA SINCRONIZADO PARA NAVEGAR / FIN DE LLAMADA,SOLUCIONADO EN LINEA
ES INTENTO DEL CLIENTE DE CONECTARSEPOR WPS (NO ES UN PROBLEMA) / FIN DE LLAMADA ,SOLUCIONADO EN LINEA
SERVICIO DE VOZ DISPONIBLE (NO ES PROBLEMA) / FIN DE LLAMADA,SOLUCIONADO EN LINEA
EN PROCESO DE REGISTRO (NO ES PROBLEMA) / FIN DE LLAMADA,SOLUCIONADO EN LINEA
EXISTE TRAFICO WIFI POR RED 2.4Mhz (NO ES UN PROBLEMA)  / FIN DE LLAMADA,SOLUCIONADO EN LINEA
ES INTENTO DEL CLIENTE DE CONECTARSEPOR WPS (NO ES UN PROBLEMA)  / FIN DE LLAMADA,SOLUCIONADO EN LINEA
SI : SOLICITAR SERIE DE DECO Y REALIZAR RESET FACTORY ,NO CULMINADO
SI : AGENDAR BACK GPON / FIN DE LLAMADA,AGENDA BACK
NO : AGENDAR BACK GPON / FIN DE LLAMADA ,AGENDA BACK
INDICAR AL CLIENTE QUE DEBE HACER LIMPIEZA DE VIRUS / ACTUALIZAR SU ANTIVIRUS / FIN DE LLAMADA,SOLUCIONADO EN LINEA
NO : SPEECH BO VOIP / CORREGIR NODE ID / FIN DE LLAMADA,AGENDA BACK
SI : TIENE MENSAJE DE SE BRINDO ANALGÉSICO?,NO CULMINADO
SI : SOLUCION EN LINEA / BOTON DE AUDIO / FIN DE LLAMADA,SOLUCIONADO EN LINEA
NO: VER GESTION SOLO POR WIFI - IR AL PASO 3,NO CULMINADO
REALIZAR RESET FACTORY AL  CABLE MODEM,NO CULMINADO
SI : INFORMAR AL CLIENTE LOS BONOS BRINDADOS,NO CULMINADO
NO : GENERAR AVERIA / PUERTO SATURADO / FIN DE LLAMADA,AVERIA PUERTO SATURADO
QUEDA CONFORME CON LO OFRECIDO?,NO CULMINADO
NO : CONFIRMAR CON EL CLIENTE EL NOMBRE DE LA RED WIFI,NO CULMINADO
SI : CONFORME CON BONO / SATURACION / FIN DE LLAMADA,SOLUCIONADO EN LINEA
NO : OFRECER DESCUENTO - ACEPTA DESCUENTO?,NO CULMINADO
REALIZAR EL CAMBIO DE LA RED (NOMBRE Y CLAVE),NO CULMINADO
SI : ACEPTO DESCUENTO / SATURACION / FIN DE LLAMADA,SOLUCIONADO EN LINEA
NO : REALIZAR LA TRANSFERENCIA A RETENCIONES,NO CULMINADO
NO : GENERAR AVERIA (CUARENTENA) / FIN DE LLAMADA,CUARENTENA
EL PROBLEMA ES POR WIFI?,NO CULMINADO
VALIDAR EN IMS SI CUENTACON RESTRICCIONES,NO CULMINADO
SOLUCION EN LINEA / CONFIGURA LNB / FIN DE LLAMADA,SOLUCIONADO EN LINEA
DECO ACTIVO EN CMS E INACTIVO EN INTRAWAY?,NO CULMINADO
SOLUCION EN LINEA / CONEXION ELECTRICA / FIN LLAMADA,SOLUCIONADO EN LINEA
HAY ALGUIEN EN DOMICILIO PARA REALIZAR LA TRIPARTITA?,NO CULMINADO
PREGUNTAR AL CLIENTE CUANTAS MAQUINAS ESTAN CONECTADAS AL EQUIPO?,NO CULMINADO
VALIDAR EN IMS QUE ESTE CONFIGURADO,NO CULMINADO
SPEECH DE SUSPENSION / FIN DE LLAMADA,SERVICIO SUSPENDIDO
DECO INACTIVO EN CMS E INTRAWAY?,NO CULMINADO
REALIZAR CAMBIO DE IP EN MULTICONSULTA,NO CULMINADO
SOLUCION EN LINEA / SEGUNDO REFRESH DECO / FIN DE LLAMADA,SOLUCIONADO EN LINEA
PREGUNTAR SI ESTA CONECTADO A LA CORRIENTE ,NO CULMINADO
HAY DISPOSITIVOS CONECTADOS VIA WIFI?,NO CULMINADO
SPEECH DEL LADO CLIENTE / FIN LLAMADA,LADO CLIENTE
AGENDAR BACK / AJUSTE CONEXION COAXIAL SIN SOLUCION  / FIN DE LLAMADA,AGENDA BACK
VALIDAR EN ATIS QUE TENGA CONTRATADO EL SERVICIO SUPLEMENTARIO QUE RECLAMA?,NO CULMINADO
TIENE CONFIGURADO EL LNB,NO CULMINADO
PREGUNTAR AL CLIENTE SI ESCUCHA PITIDO REPETITIVO,NO CULMINADO
SOLUCION EN LINEA / SEGUNDO REFRESH/ FIN LLAMADA,SOLUCIONADO EN LINEA
MENSAJE CORTE EJECUTADO EN INTRAWAY ,NO CULMINADO
TIENE MENSAJE DE PUERTO SATURADO,NO CULMINADO
EL PAGO LO REALIZO 1 DIA HABIL DE REALIZAR LA LLAMADA,NO CULMINADO
REALIZAR RESET ELECTRICO,NO CULMINADO
OFRECER SERVICIO SUPLEMENTARIO / FIN LLAMADA,NO CULMINADO
SOLUCION EN LINEA / AJUSTE CONEXION COAXIAL DECO / FIN LLAMADA,SOLUCIONADO EN LINEA
SOLUCIONADO EN LINEA / CORRIGE VELOCIDAD / FIN LLAMADA,SOLUCIONADO EN LINEA
SOLUCION EN LINEA / PROVISION DE VOZ INTRAWAY / FIN LLAMADA,SOLUCIONADO EN LINEA
AVERIA(MT) - OTROS CUARENTENA / FIN DE LLAMADA,CUARENTENA
EL PROBLEMA ES POR ETHERNET?,NO CULMINADO
VER ACCION SEGUN SEGMENTO / FIN DE LLAMADA,NO CULMINADO
SI : SOLUCION EN LINEA / VELOCIDAD GARANTIZADA / FIN DE LLAMADA,SOLUCIONADO EN LINEA
NO : REALIZAR LA MEDICIÓN, LLEGA A LA VELOCIDAD GARANTIZADA?,NO CULMINADO
DECO BLOQUEADO POR NO USO MAS DE 15 DIAS / ACTIVACION EN PROCESO / DECO SUSPENDIDO POR FALTA DE PAGO,NO CULMINADO
CLIENTES CON SERVICIO DEGRADADO,NO CULMINADO
NO NAVEGA-LENTITUD-INTERMITENCIA-PROBLEMA RED CLIENTE (MODEM ONLINE),NO CULMINADO
NO NAVEGA-LENTITUD-INTERMITENCIA-PROBLEMA RED CLIENTE (MODEM OFFLINE),NO CULMINADO
PROBLEMA DE PLANTA y TRABAJO PROGRAMADO,NO CULMINADO
CAMBIO DE MODEM POR OBSOLESCENCIA,NO CULMINADO
CLIENTE CON SERVICIO DEGRADADO,NO CULMINADO
TIENE MARCA EN VISOR Y/O MULTICONSULTA,NO CULMINADO
TIENE LOS SERVICIOS DEGRADADOS Y NO TIENE MARCA,NO CULMINADO
NO DESEA PAGAR NI FRACCIONAR, PROBLEMAS CON SEÑAL DE TV,NO CULMINADO
NO DESEA PAGAR NI FRACCIONAR, PROBLEMAS CON INTERNET,NO CULMINADO
TELETRABAJO,NO CULMINADO
NO NAVEGA / REALIZAR PREGUNTAS DE DESCARTE,NO CULMINADO
GENERAR AVERIA CAMBIO DE MODEM / FIN DE LLAMADA,AVERIA A CAMPO
CLIENTE INDICA YA PAGO Y FRACCIONO. PASO LAS 24 HORAS?,NO CULMINADO
NO PUEDE VER CANALES NACIONALES,NO CULMINADO
PRESENTA LLUVIA, INTERMITENCIA, PIXELEO EN CANALES NACIONALES,ASISTENCIA
PRESENTA LENTITUD INTERMITENCIA,EXPLICAR (FIN DE LLAMADA),NO CULMINADO
INDICA QUE NO NAVEGA,NO CULMINADO
EL PROBLEMA ES CON UN APLICATIVO DE SU EMPRESA?,NO CULMINADO
SI: AGENDAR AL BACK PARA SU ACTIVACION,AGENDA BACK
NO : INDICAR SPEECH (FIN DE LLAMADA),VENTA EN LINEA
SI: TIENE DECOS ACTIVOS Y SUS MEGAS CONTRATADOS?,NO CULMINADO
SI : AGENDAR POR SRM PARA ACTIVACIÓN (FIN DE LLAMADA),AGENDA BACK
ES EN TODOS LOS PUNTOS,NO CULMINADO
TIENE AVERIA MASIVA O TTPP,NO CULMINADO
SI : TIENE QUE RESOLVERLO CON EL AREA DE INFORMATICA DE SU EMPRESA,NO CULMINADO
NO : PUEDE ACCEDER A ESE APLICATIVO DESDE OTRO DISPOSITIVO?,NO CULMINADO
ACTIVACION EN PROCESO / DECO BLOQUEADO POR USO / DECO SUSPEDIDO POR FALTA DE PAGO / DECO BLOQUEADO POR FALTA DE USO MAS DE 15 DIAS,NO CULMINADO
INDICA NO VER EL CANAL O SE SALTEA / CANAL NO CONTRATADO / NO PERTENECE A SU PAQUETE  ,NO CULMINADO
NO : AGENDAR POR SRM PARA ACTIVACIÓN (FIN DE LLAMADA),AGENDA BACK
SI: BRINDAR SOPORTE SEGÚN PROBLEMA (IR ÁRBOL GENERAL),ASISTENCIA
SI: TIENE AVERIA MASIVA O TTPP,NO CULMINADO
NO: BRINDAR SOPORTE,NO CULMINADO
SI: GENERAR AVERÍA (FIN DE LLAMADA),AVERIA A CAMPO
NO: BRINDAR SOPORTE SEGÚN ÁRBOL NO NAVEGA ,NO CULMINADO
SI : CAMBIO DE IP - SE RESUELVE?,NO CULMINADO
NO : TIENE QUE RESOLVERLO CON EL AREA DE INFORMATICA DE SU EMPRESA,AGENDA VIDEO LLAMADA
ESTOY CONECTADA POR WIFI PERO NO NAVEGO,NO CULMINADO
NO ENCUENTRO MI RED WIFI,NO CULMINADO
NO : TIENE LOS DECOS ACTIVOS EN INTRAWAY?,NO CULMINADO
NO : AGENDAR AL BACK WIFI,AGENDA BACK
ESTA CONECTADO EN LA RED DE SU AMBIENTE,NO CULMINADO
SI : GENERAR AVERIA / ZONA SATURADA / FIN DE LLAMADA,AVERIA A CAMPO
SI: GENERAR AVERIA R417 ( FIN DE LLAMADA),AVERIA A CAMPO
NO: AGENDAR POR SRM ,AGENDA BACK
SE SOLUCIONO, SI: FIN DE LLAMADA,SOLUCIONADO EN LINEA
SE SOLUCIONO, NO: GENERAR AVERIA,AVERIA A CAMPO
SI : FIN DE PROCESO,SOLUCIONADO EN LINEA
NO : REVISE LAS LICENCIAS Y PERMISOS DE SU EQUIPO,NO CULMINADO
REALIZAR PREGUNTAS DE DESCARTE,NO CULMINADO
SI : LE CORRESPONDE EL CANAL SEGÚN SERVICIO REGISTRADO EN CMS?,NO CULMINADO
CLIENTE INDICA QUE YA CANCELO / GENERAR RECONEXION,NO CULMINADO
NO : GENERAR AVERIA / MODEM NO ENCIENDE / FIN DE LLAMADA   ,AVERIA A CAMPO
NO: SOLICITAR AL CLIENTE QUE SE CONECTE A SU RED,NO CULMINADO
REALIZAR RESET FACTORY (PREVIA CAPTURA DE SSID Y CLAVE / ADEMAS DE PORT MAPPING),NO CULMINADO
SI : REINICIAR EL CABLEMODEM,NO CULMINADO
NO : GENERAR R414 / BACK CUARENTENA / FIN DE LLAMADA,AVERIA A CAMPO
NO : AGENDAR AL BO TELEVISION / FIN DE LLAMADA,AGENDA BACK
NO : AGENDAR BO GPON / FIN DE LLAMADA ,AGENDA BACK
SI : SOLUCION EN LINEA / RESET / FIN DE LLAMADA,SOLUCIONADO EN LINEA
NO: REVISAR LOS NIVELES DE CONEXION WIFI,NO CULMINADO
SI: SOLUCION EN LINEA / CONFIGURACION WIFI / FIN DE LLAMADA,SOLUCIONADO EN LINEA
POTENCIA ROJO: RECOMENDAR COMPRA DE AP DUAL BAND / FIN DE LLAMADA,VENTA EN LINEA
ESTA EN VERDE: REALIZAR LA DESCONEXION FISICA,NO CULMINADO
SI : SOLUCIONADO EN LINEA / RESET MODEM / FIN DE LLAMADA,SOLUCIONADO EN LINEA
NO : AGENDAR AL BACK ESPECIALIZADO,AGENDA BACK
NO : GENERAR AVERIA  / FIN DE LLAMADA,AVERIA A CAMPO
NO: REFRESH SIN SOLUCION / AGENDAR BACK / FIN DE LLAMADA,NO CULMINADO
SI: SOLUCIONADO / RESET FISICO / FIN DE LLAMADA,SOLUCIONADO EN LINEA
NO: AGENDAR AL BACK WIFI,AGENDA BACK
NO : AGENDAR BACK ESPECIALIZADO / FIN DE LLAMADA,AGENDA BACK
SI : SOLUCION EN LINEA / MEDIR VELOCIDAD / FIN DE LLAMADA,SOLUCIONADO EN LINEA
detalle,solucion
AVERIA(MT) - OTROS CUARENTENA / FIN DE LLAMADA ,CUARENTENA
NO : AGENDAR BACK / GESTION DE VELOCIDAD / FIN DE LLAMADA ,AGENDA BACK
