id,detalle,paso5,img_total,img_negocios,img_masivo
298,NO : AGENDAR AL BACK / FIN DE LLAMADA,284,agendabotv1.PNG,agendabotv1.PNG,agendabotv1.PNG
259,NO : AGENDAR AL BO REMEDY / FIN DE LLAMADA ,248,boremedytv.PNG,boremedytv.PNG,boremedytv.PNG
314,SI : GENERAR AVERIA SIN SEÑAL / FIN DE LLAMADA,248,averiasinsenal1.PNG,averiasinsenal1.PNG,averiasinsenal1.PNG
262,SI : MEDIR POTENCIA / DENTRO DEL RANGO?,251,medirpotencia1.PNG,medirpotencia1.PNG,medirpotencia1.PNG
153,SE SOLUCIONO?,136,sesoluciono.png,sesoluciono.png,sesoluciono.png
156,NO : PROCEDER CON EL CROSS (VENTA) / FIN DE LLAMADA,138,crosstv.PNG,crosstv.PNG,crosstv.PNG
157,SI : LE CORRESPONDE EL CANAL SEGÚN SERVICIO REGISTRADO EN CMS?,138,bloquecms.PNG,bloquecms.PNG,bloquecms.PNG
264,SI : SOLUCION EN LINEA / REFRESH DECO / FIN DE LLAMADA,253,solucionadotv2.PNG,solucionadotv2.PNG,solucionadotv2.PNG
158,SE SOLUCIONO?,139,sesoluciono.png,sesoluciono.png,sesoluciono.png
159,SI : INDICAR AL CLIENTE QUE ESPERE (EL PROCESO 30 MINUTOS) / FIN DE LLAMADA,140,tiemposw1.PNG,tiemposw1.PNG,tiemposw1.PNG
160,NO : REALIZAR PROCEDIMIENTO DE ACTUALIZACION DE SOFTWARE,140,sinimagen.png,sinimagen.png,sinimagen.png
161,TIENE EL PAQUETE CONTRATADO EN ATIS? ,141,bloqueatis.PNG,bloqueatis.PNG,bloqueatis.PNG
265,NO : SOLICITAR RETIRE LA TARJETA Y ENVIAR SEGUN REFRESH,253,segundorefresh.PNG,segundorefresh.PNG,segundorefresh.PNG
164,SI : SOLUCION EN LINEA /AJUSTE CONEXION COAXIAL / FIN DE LLAMADA ,147,solucionadotv1.PNG,solucionadotv1.PNG,solucionadotv1.PNG
165,NO : MEDIR POTENCIA, ESTA DENTRO DEL RANGO? ,147,medirpotencia1.PNG,medirpotencia1.PNG,medirpotencia1.PNG
166,SE SOLUCIONO?,150,sesoluciono.png,sesoluciono.png,sesoluciono.png
167,SE SOLUCIONO?,153,sesoluciono.png,sesoluciono.png,sesoluciono.png
168,SI : SOLUCION EN LINEA / ENCIENDE DECO / FIN DE LLAMADA ,155,solucionadotv3.PNG,solucionadotv3.PNG,solucionadotv3.PNG
169,NO : SOLICITAR AL CLIENTE QUE REALICE EL RESET ELECTRICO ,155,desenchufar1.PNG,desenchufar1.PNG,desenchufar1.PNG
170,SI : SOLUCION EN LINEA / RESET ELECTRICO / FIN DE LLAMADA ,156,solucionadotv3.PNG,solucionadotv3.PNG,solucionadotv3.PNG
171,NO : GENERAR AVERIA / PROBLEMA DECO / FIN DE LLAMADA,156,averiasinsenal4.PNG,averiasinsenal4.PNG,averiasinsenal4.PNG
173,SI : SOLUCION EN LINEA / CONFIGURA CTRL RMTO / FIN DE LLLAMADA ,163,solucionadotv3.PNG,solucionadotv3.PNG,solucionadotv3.PNG
175,SI : SOLUCION EN LINEA / CONFIGURA CTRL RMTO / FIN DE LLLAMADA ,164,solucionadotv3.PNG,solucionadotv3.PNG,solucionadotv3.PNG
174,NO : SOLICITAR SERIE Y REALIZAR RESET FACTORY,163,serieresetfact.PNG,serieresetfact.PNG,serieresetfact.PNG
176,NO : CONF CTRL RMTO SIN SOLUCION / AGENDA BACK / FIN DE LLAMADA ,164,agendabotv2.PNG,agendabotv2.PNG,agendabotv2.PNG
305,NO : REALIZAR DESCONEXION FISICA ,296,desenchufar1.PNG,desenchufar1.PNG,desenchufar1.PNG
290,SI : SOLUCION EN LINEA / REINICIO FISICO DEL EQUIPO / FIN DE LLAMADA,281,solucionadowifi.PNG,solucionadowifi.PNG,solucionadowifi.PNG
291,NO : AGENDAR AL BACK WIFI,281,agendawifi.PNG,agendawifi.PNG,agendawifi.PNG
294,SE SOLUCIONO?,282,sesoluciono.png,sesoluciono.png,sesoluciono.png
293,CLIENTE INDICA QUE YA CANCELO / GENERAR RECONEXION,283,suspensinreco.PNG,suspensinreco.PNG,suspensinreco.PNG
303,SE SOLUCIONO?,295,,,
304,SI : SOLUCION EN LINEA / BOTON DE AUDIO / FIN DE LLAMADA,296,solucionadotv2.PNG,solucionadotv2.PNG,solucionadotv2.PNG
301,SE SOLUCIONO?,196,,,
302,NO: VER GESTION SOLO POR WIFI - IR AL PASO 3,271,,,
273,GENERAR AVERIA R434 DHCP / FIN DE LLAMADA,261,initd1.PNG,initd1.PNG,initd1.PNG
272,SI : SOLUCIONADO EN LINEA / RESET ELECTRICO CABLE MODEM / FIN DE LLAMADA,261,Solucionadononave.PNG,Solucionadononave.PNG,Solucionadononave.PNG
199,NO : VER CASUISTICA DE NO NAVEGA ,188,nonavega.png,nonavega.png,nonavega.png
200,SI : VALIDAR SI MTA TIENE IP ? ,188,mtaip.PNG,mtaip.PNG,mtaip.PNG
201,SI : PEDIR AL CLIENTE DESACTIVAR CON #21# ¿SE RESOLVIO? ,189,sinimagen.png,sinimagen.png,sinimagen.png
202,NO : GENERAR AVERIA DE VOZ / FIN DE LLAMADA ,189,speechbovoip.PNG,speechbovoip.PNG,speechbovoip.PNG
203,VOLVER AL PASO 03 - CLICK EN SI ,191,sinimagen.png,sinimagen.png,sinimagen.png
268,SE SOLUCIONO?,256,sesoluciono.png,sesoluciono.png,sesoluciono.png
278,SI : REALIZAR DESCONEXIÓN FISICA DEL CABLE MODEM,271,deschufamodem.PNG,deschufamodem.PNG,deschufamodem.PNG
279,NO : SE DA SPEECH - NO HAY NADIE EN CASA,272,lejosdeequipo1.PNG,lejosdeequipo1.PNG,lejosdeequipo1.PNG
280,SI : PROCEDER A REALIZAR LA LLAMADA TRIPARTITA,272,llamartripartita.PNG,llamartripartita.PNG,llamartripartita.PNG
281,REALIZAR RESET FACTORY AL  CABLE MODEM,273,resetfactorymodem.PNG,resetfactorymodem.PNG,resetfactorymodem.PNG
282,POTENCIA EN ROJO,274,,,
283,POTENCIA EN VERDE,274,,,
284,INGRESAR AL BOTON CABLE MODEM Y CONFIGURAR WIFI,275,cambiowifi.PNG,cambiowifi.PNG,cambiowifi.PNG
285,GENERAR AVERIA R417 / FIN DE LLAMADA,276,speechmasiva2.PNG,speechmasiva2.PNG,speechmasiva2.PNG
286,VALIDAR SI TIENE LA VELOCIDAD CONTRATADA ATIS VS MULTICONSULTA,277,validarvelocidad.PNG,validarvelocidad.PNG,validarvelocidad.PNG
287,REINICIAR CABLE MODEM(ESPERAR 1 MINUTO),278,resetsimple.PNG,resetsimple.PNG,resetsimple.PNG
288,INGRESAR AL BOTON CABLE MODEM Y CONFIGURAR WIFI,279,,,
276,SE SOLUCIONO?,264,sesoluciono.png,sesoluciono.png,sesoluciono.png
275,GENERAR AVERIA  / FIN DE LLAMADA,262,speechnonav.PNG,speechnonav.PNG,speechnonav.PNG
257,NO : REALIZAR DESCONEXIÓN FÍSICA,246,desenchufar1.PNG,desenchufar1.PNG,desenchufar1.PNG
256,SI : SOLUCION EN LINEA / SEGUNDO REFRESH / FIN DE LLAMADA,246,solucionadotv.PNG,solucionadotv.PNG,solucionadotv.PNG
227,SI : SOLUCION EN LINEA / RESET ELECTRICO / FIN DE LLAMADA ,219,solucionado.PNG,solucionado.PNG,solucionado.PNG
228,NO : AGENDAR BACK GPON / FIN DE LLAMADA,219,speechgpon.PNG,speechgpon.PNG,speechgpon.PNG
229,SI : SOLUCION EN LINEA / CONEXION ELECTRICA / FIN LLAMADA ,221,solucionado.PNG,solucionado.PNG,solucionado.PNG
230,NO : AGENDAR BACK GPON / FIN DE LLAMADA,221,speechgpon.PNG,speechgpon.PNG,speechgpon.PNG
233,SE SOLUCIONO?,222,sesoluciono.png,sesoluciono.png,sesoluciono.png
234,NO : ESPERAR LIBERACION DE LINEA / FIN DE LLAMADA,225,sinimagen.png,sinimagen.png,sinimagen.png
235,SI : RESET ELECTRICO DEL EQUIPO,225,sinimagen.png,sinimagen.png,sinimagen.png
236,SE SOLUCIONO?,228,sesoluciono.png,sesoluciono.png,sesoluciono.png
237,SI : SOLUCIONADO EN LINEA / ASISTENCIA CONF. WIFI / FIN LLAMADA ,229,solucionado.PNG,solucionado.PNG,solucionado.PNG
238,NO : AGENDAR BACK GPON / FIN DE LLAMADA,229,speechgpon.PNG,speechgpon.PNG,speechgpon.PNG
274,SI : SOLUCIONADO EN LINEA / RESET ELECTRICO CABLE MODEM / FIN DE LLAMADA,262,Solucionadononave.PNG,Solucionadononave.PNG,Solucionadononave.PNG
263,NO : AGENDAR BACK / ACTIVAR DECO / REMEDY / FIN DELLAMADA,251,boremedytv.PNG,boremedytv.PNG,boremedytv.PNG
297,SI : SOLUCION EN LINEA / REFRESH / FIN DE LLAMADA,284,solucionadotv2.PNG,solucionadotv2.PNG,solucionadotv2.PNG
245,SI : VALIDAR MAC DE VOZ DEBE SER IGUAL IMS VS INTRAWAY,237,sinimagen.png,sinimagen.png,sinimagen.png
246,NO : AGENDAR BACK DE VOZ / CORREGIR MAC DE MTA EN INTRAWAY / FIN DE LLAMADA,237,speechmta.PNG,speechmta.PNG,speechmta.PNG
251,SI : SOLUCION EN LINEA / RESET ELECTRICO / FIN DE LLAMADA  ,243,solucionadomod.PNG,solucionadomod.PNG,solucionadomod.PNG
252,NO : GENERAR AVERIA / MODEM NO ENCIENDE / FIN DE LLAMADA   ,243,speechmod.PNG,speechmod.PNG,speechmod.PNG
277,SE SOLUCIONO?,266,sesoluciono.png,sesoluciono.png,sesoluciono.png
315,NO: SOLICITAR AL CLIENTE QUE SE CONECTE A SU RED,315,,,
316,REALIZAR RESET FACTORY (PREVIA CAPTURA DE SSID Y CLAVE / ADEMAS DE PORT MAPPING),316,resetfactorymodem.PNG,resetfactorymodem.PNG,resetfactorymodem.PNG
308,SI: GENERAR AVERIA R417 ( FIN DE LLAMADA),300,speechmasiva.PNG,speechmasiva.PNG,speechmasiva.PNG
309,NO: AGENDAR POR SRM ,300,sincanalesnacionales.PNG,sincanalesnacionales.PNG,sincanalesnacionales.PNG
310,SE SOLUCIONO, SI: FIN DE LLAMADA,301,,,
311,SE SOLUCIONO, NO: GENERAR AVERIA,301,averiatv.PNG,averiatv.PNG,averiatv.PNG
312,SE SOLUCIONO, SI: FIN DE LLAMADA,304,,,
313,SE SOLUCIONO, NO: GENERAR AVERIA,304,averiatv.PNG,averiatv.PNG,averiatv.PNG
