id,detalle,paso11,img_total,img_negocios,img_masivo
182,NO : GENERAR AVERIA / PROBL. DECO / FIN DE LLAMADA,225,averiasinsenal3.PNG,averiasinsenal3.PNG,averiasinsenal3.PNG
179,SI : SPEECH LADO CLIENTE / FIN DE LLAMADA,223,,,
177,NO : REALIZAR RESET FACTORY (PREVIA CAPTURA DE SSID Y CLAVE / ADEMAS DE PORT MAPPING),222,resetfactorymodem.PNG,resetfactorymodem.PNG,resetfactorymodem.PNG
175,SE IDENTIFICA PROBLEMA DEL LADO CLIENTE?,220,,,
176,SI : ASISTENCIA AL CLIENTE PARA QUE CONFIGURE SUS DISPOSITIVOS,222,,,
181,SI : SOLUCION EN LINEA / CONFIGURACION POR DEFECTO / FIN DE LLAMADA,225,solucionadotv2.PNG,solucionadotv2.PNG,solucionadotv2.PNG
139,SE SOLUCIONO?,166,sesoluciono.png,sesoluciono.png,sesoluciono.png
180,NO : AGENDAR AL BACK ESPECIALIZADO,223,videollamada1.PNG,videollamada1.PNG,videollamada1.PNG
171,SE IDENTIFICA PROBLEMA DEL LADO CLIENTE?,215,,,
162,SE SOLUCIONO?,206,sesoluciono.png,sesoluciono.png,sesoluciono.png
165,SI : SOLUCION EN LINEA / CONFIGURACION / FIN DE LLAMADA,209,solucionadotv1.PNG,solucionadotv1.PNG,solucionadotv1.PNG
166,NO : GENERAR AVERIA / FIN DE LLAMADA,209,averiamalasenal.PNG,averiamalasenal.PNG,averiamalasenal.PNG
185,NO : AGENDAR BACK ESPECIALIZADO / FIN DE LLAMADA,235,agendacuarentena.PNG,agendacuarentena.PNG,agendacuarentena.PNG
186,SI : SOLUCION EN LINEA / MEDIR VELOCIDAD / FIN DE LLAMADA,235,solucionadolenti.PNG,solucionadolenti.PNG,solucionadolenti.PNG
