id,detalle,paso8,img_total,img_negocios,img_masivo
231,NO : REVISAR LA CONEXION DEL COAXIAL (DESENROSCA Y ENROSCA),242,desenroscable.PNG,desenroscable.PNG,desenroscable.PNG
146,SI : SOLUCION EN LINEA / SEGUNDO REFRESH/ FIN DE LLAMADA ,138,solucionadotv.PNG,solucionadotv.PNG,solucionadotv.PNG
218,NO : REALIZAR UN RESET FACTORY ,138,resetfactory1.PNG,resetfactory1.PNG,resetfactory1.PNG
235,SI : SOLUCION EN LINEA / RESET FACTORY / FIN DE LLAMADA,248,solucionadotv1.PNG,solucionadotv1.PNG,solucionadotv1.PNG
150,NO : REALIZAR LA CONFIGURACIÓN DEL LNB,146,LNB.PNG,LNB.PNG,LNB.PNG
151,SI : ENVIAR REFRESH,146,refresh1.PNG,refresh1.PNG,refresh1.PNG
232,SE SOLUCIONO?,243,sesoluciono.png,sesoluciono.png,sesoluciono.png
152,SE SOLUCIONO?,147,sesoluciono.png,sesoluciono.png,sesoluciono.png
153,SI : SOLUCIONADO EN LINEA / SEGUNDO REFRESH / FIN DE LLAMADA ,149,solucionadotv3.PNG,solucionadotv3.PNG,solucionadotv3.PNG
154,NO : REFRESH SIN SOLUCION / AGENDAR BACK / FIN DE LLAMADA ,149,agendabotv2.PNG,agendabotv2.PNG,agendabotv2.PNG
155,SE SOLUCIONO?,151,sesoluciono.png,sesoluciono.png,sesoluciono.png
254,SE SOLUCIONO?,258,sesoluciono.png,sesoluciono.png,sesoluciono.png
255,SE SOLUCIONO?,274,sesoluciono.png,sesoluciono.png,sesoluciono.png
256,SE SOLUCIONO?,276,sesoluciono.png,sesoluciono.png,sesoluciono.png
236,NO : GENERAR AVERIA /FIN DE LLAMADA,248,averiamalasenal.PNG,averiamalasenal.PNG,averiamalasenal.PNG
241,SE SOLUCIONO?,144,sesoluciono.png,sesoluciono.png,sesoluciono.png
269,POTENCIA ROJO: RECOMENDAR COMPRA DE AP DUAL BAND / FIN DE LLAMADA,290,crosswifi.PNG,crosswifi.PNG,crosswifi.PNG
270,ESTA EN VERDE: REALIZAR LA DESCONEXION FISICA,290,desconexionmodem.PNG,desconexionmodem.PNG,desconexionmodem.PNG
234,SE SOLUCIONO?,244,sesoluciono.png,sesoluciono.png,sesoluciono.png
187,SI : SOLUCION EN LINEA / RESET CABLE MODEM / FIN DE LLAMADA ,186,solucionado.PNG,solucionado.PNG,solucionado.PNG
188,NO : DESCONEXION FISICA ,186,desconexionmodem.PNG,desconexionmodem.PNG,desconexionmodem.PNG
189,SI : GENERAR AVERIA BACK DE VOZ / FIN DE LLAMADA ,188,speechbovoip.PNG,speechbovoip.PNG,speechbovoip.PNG
190,NO : REINICIAR EL CABLE MODEM ,188,resetsimple.PNG,resetsimple.PNG,resetsimple.PNG
251,SI : VER POTENCIA DE CONEXION WIFI (EQUIPO - CABLE MODEM),270,dhcp.PNG,dhcp.PNG,dhcp.PNG
250,NO : CONFIGURAR NOMBRE Y CLAVE DE WIFI,270,,,
242,SE IDENTIFICA PROBLEMA DEL LADO CLIENTE?,257,diagnosticoresultado.PNG,diagnosticoresultado.PNG,diagnosticoresultado.PNG
244,REALIZAR EL CAMBIO DE LA RED (NOMBRE Y CLAVE),261,cambiowifi.PNG,cambiowifi.PNG,cambiowifi.PNG
245,SE SOLUCIONO?,263,sesoluciono.png,sesoluciono.png,sesoluciono.png
246,SE SOLUCIONO?,265,sesoluciono.png,sesoluciono.png,sesoluciono.png
230,SI : SOLUCION EN LINEA / REFRESH DECO / FIN DE LLAMADA,242,solucionadotv.PNG,solucionadotv.PNG,solucionadotv.PNG
212,SI : SOLUCION EN LINEA / RESET CABLE MODEM / FIN DE LLAMADA  ,219,solucionado.PNG,solucionado.PNG,solucionado.PNG
213,NO : GENERAR AVERIA BACK DE VOZ / FIN DE LLAMADA,219,speechbovoip.PNG,speechbovoip.PNG,speechbovoip.PNG
268,NO : VALIDAR PORTADORAS UPSTREAM Y DOWNSTREAM EN BOTON CABLE MODEM (PESTAÑA STATUS),288,,,
267,SI : SOLUCIONADO EN LINEA / RESET MODEM / FIN DE LLAMADA,288,solucionadolenti.PNG,solucionadolenti.PNG,solucionadolenti.PNG
265,SE SOLUCIONO?,228,,,
266,SE SOLUCIONO?,272,,,
