id,detalle,paso10,img_total,img_negocios,img_masivo
230,SI : SOLUCION EN LINEA / CONFIGURA LNB / FIN DE LLAMADA,269,solucionadotv.PNG,solucionadotv.PNG,solucionadotv.PNG
205,SI : SOLUCION EN LINEA /AJUSTE CONEXION COAXIAL / FIN DE LLAMADA,233,solucionadotv.PNG,solucionadotv.PNG,solucionadotv.PNG
231,NO : GENERAR AVERIA / PROBL. DECO / FIN DE LLAMADA,269,averiasinsenal2.PNG,averiasinsenal2.PNG,averiasinsenal2.PNG
206,NO : SOLICITAR QUE RETIRE LA TAREJA LA COLOQUE Y ENVIAR SEGUNDO REFRESH,233,segundorefresh.PNG,segundorefresh.PNG,segundorefresh.PNG
163,SI : SOLUCION EN LINEA / DESCONEXION FISICA / FIN DE LLAMADA,184,solucionado.PNG,solucionado.PNG,solucionado.PNG
164,NO : GENERAR AVERIA BACK DE VOZ / FIN DE LLAMADA,184,speechbovoip.PNG,speechbovoip.PNG,speechbovoip.PNG
165,SI : SOLUCION EN LINEA / RESET CABLE MODEM / FIN DE LLAMADA,185,solucionado.PNG,solucionado.PNG,solucionado.PNG
166,NO : DESCONEXION FISICA,185,desconexionmodem.PNG,desconexionmodem.PNG,desconexionmodem.PNG
214,SI : SOLUCIONADO EN LINEA / CONFIGURA WIFI / FIN DE LLAMADA,250,Solucionadononave.PNG,Solucionadononave.PNG,Solucionadononave.PNG
215,NO : VERIFICAR TARJETA WIFI,250,tarjetawifi.PNG,tarjetawifi.PNG,tarjetawifi.PNG
219,SI : SOLUCIONADO EN LINEA / CONFIGURA WIFI / FIN DE LLAMADA,257,solucionadolenti.PNG,solucionadolenti.PNG,solucionadolenti.PNG
220,NO : VERIFICAR TARJETA WIFI,257,,,
221,RECOMENDAR COMPRA DE AP DUAL BAND / FIN DE LLAMADA,258,crosswifi1.PNG,crosswifi1.PNG,crosswifi1.PNG
222,HAY DISPOSITIVOS CONECTADOS VIA WIFI ?,259,,,
225,SE SOLUCIONO?,266,sesoluciono.png,sesoluciono.png,sesoluciono.png
223,SE IDENTIFICA PROBLEMA DEL LADO CLIENTE?,262,,,
228,SI : SOLUCION EN LINEA / REFRESH / FIN DE LLAMADA,145,solucionadotv.PNG,solucionadotv.PNG,solucionadotv.PNG
229,NO : GENERAR AVERIA / PROBL. DECO / FIN DE LLAMADA,145,averiasinsenal2.PNG,averiasinsenal2.PNG,averiasinsenal2.PNG
236,NO: REFRESH SIN SOLUCION / AGENDAR BACK / FIN DE LLAMADA,215,agendabotv.PNG,agendabotv.PNG,agendabotv.PNG
189,SI : SOLUCION EN LINEA / RESET FACTORY / FIN DE LLAMADA,215,solucionadotv.PNG,solucionadotv.PNG,solucionadotv.PNG
237,SI: SOLUCIONADO / RESET FISICO / FIN DE LLAMADA,281,Solucionadononave.PNG,Solucionadononave.PNG,Solucionadononave.PNG
238,NO: AGENDAR AL BACK WIFI,281,agendawifi.PNG,agendawifi.PNG,agendawifi.PNG
209,SE SOLUCIONO?,148,sesoluciono.png,sesoluciono.png,sesoluciono.png
233,GENERAR AVERIA R041 o R413 / FIN DE LLAMADA,278,speechlenti.PNG,speechlenti.PNG,speechlenti.PNG
234,GENERAR AVERIA DE PLANTA / FIN DE LLAMADA,279,speechmasiva4.PNG,speechmasiva4.PNG,speechmasiva4.PNG
235,REALIZAR PRUEBA DE VELOCIDAD - MEDICION OK?  (VALIDAR QUE CUMPLA EL PROCEDIMIENTO),280,,,
