id,detalle,paso0,img_total,img_negocios,img_masivo
30,SIN SEÑAL,1,sinsenaltv2.PNG,sinsenaltv2.PNG,sinsenaltv2.PNG
31,MALA SEÑAL ,1,malasenal.PNG,malasenal.PNG,malasenal.PNG
32,TARJETA (EXPIRADA / APAREADA / MAL INSERTADA),1,mentarj.PNG,mentarj.PNG,mentarj.PNG
33,TARJETA NO CORRESPONDE,1,mentarj1.PNG,mentarj1.PNG,mentarj1.PNG
34,DECODIFICADOR NO ENCIENDE,1,deconoencien.PNG,deconoencien.PNG,deconoencien.PNG
35,CONTROL REMOTO NO FUNCIONA,1,controlrem.PNG,controlrem.PNG,controlrem.PNG
36,CONTROL REMOTO CONFIGURAR,1,confcontrol1.PNG,confcontrol1.PNG,confcontrol1.PNG
61,NO NAVEGA-LENTITUD-INTERMITENCIA-PROBLEMA RED CLIENTE (MODEM ONLINE),2,modemonline.PNG,modemonline.PNG,modemonline.PNG
62,CABLE MODEM NO PROVISIONADO EN INTRAWAY,2,,,
39,CONFIGURACIONES DEL CABLE MODEM,2,configuracionmodem.PNG,configuracionmodem.PNG,configuracionmodem.PNG
40,VOIP,2,voip.PNG,voip.PNG,voip.PNG
41,DECO BLOQUEADO POR NO USO MAS DE 15 DIAS / ACTIVACION EN PROCESO / DECO SUSPENDIDO POR FALTA DE PAGO,1,bloqueoxuso.PNG,bloqueoxuso.PNG,bloqueoxuso.PNG
42,NO NAVEGA (PREGUNTAR POR LAS LUCES DEL MODEM) ,3,ont.png,ont.png,ont.png
52,NO NAVEGA-LENTITUD-INTERMITENCIA-PROBLEMA RED CLIENTE (MODEM OFFLINE),2,offsinmensaje.PNG,offsinmensaje.PNG,offsinmensaje.PNG
43,INTERMITENCIAS ,3,ont.png,ont.png,ont.png
48,SIN SEÑAL EN TODOS SUS SERVICIOS,4,sinsenal.png,sinsenal.png,sinsenal.png
49,CABLE MODEM NO ENCIENDE,2,noenciende.PNG,noenciende.PNG,noenciende.PNG
50,LISTA DE CANALES VACIA,1,listavacio.PNG,listavacio.PNG,listavacio.PNG
53,MENSAJE CORTE EJECUTADO EN INTRAWAY ?,2,corteejecutado.PNG,corteejecutado.PNG,corteejecutado.PNG
54,MENSAJE INIT-D / DHCP  ,2,initd.PNG,initd.PNG,initd.PNG
55,MENSAJE MENSAJE INIT-R1  / INIT,2,initr.PNG,initr.PNG,initr.PNG
56,MENSAJE SIN IP,2,sinip.PNG,sinip.PNG,sinip.PNG
57,PROBLEMA DE PLANTA y TRABAJO PROGRAMADO,2,mensajeplanta.PNG,mensajeplanta.PNG,mensajeplanta.PNG
59,PUERTO SATURADO,2,saturadoestado.PNG,saturadoestado.PNG,saturadoestado.PNG
63,PROBLEMAS CON AUDIO,1,sinaudio.PNG,sinaudio.PNG,sinaudio.PNG
64,PROBLEMAS CON CANALES DE MUSICA,1,canalesmusica.PNG,canalesmusica.PNG,canalesmusica.PNG
65,CAMBIO DE MODEM POR OBSOLESCENCIA,2,cambiodemodem.PNG,cambiodemodem.PNG,cambiodemodem.PNG
66,CLIENTE CON SERVICIO DEGRADADO,1,politicadegradacion.PNG,politicadegradacion.PNG,politicadegradacion.PNG
67,TIENE MARCA EN VISOR Y/O MULTICONSULTA,5,tienemarca2.PNG,tienemarca2.PNG,tienemarca2.PNG
68,TIENE LOS SERVICIOS DEGRADADOS Y NO TIENE MARCA,5,sinmarca.PNG,sinmarca.PNG,sinmarca.PNG
69,NO DESEA PAGAR NI FRACCIONAR, PROBLEMAS CON SEÑAL DE TV,5,problemascontv.PNG,problemascontv.PNG,problemascontv.PNG
70,NO DESEA PAGAR NI FRACCIONAR, PROBLEMAS CON INTERNET,5,problemasconinternet.PNG,problemasconinternet.PNG,problemasconinternet.PNG
71,TELETRABAJO,2,,,
