id,detalle,paso9,img_total,img_negocios,img_masivo
238,NO : GENERAR AVERIA / FIN DE LLAMADA,234,averiasinsenal3.PNG,averiasinsenal3.PNG,averiasinsenal3.PNG
233,SE SOLUCIONO?,231,sesoluciono.png,sesoluciono.png,sesoluciono.png
236,SI : SOLUCION EN LINEA / REFRESH/ FIN DE LLAMADA ,232,solucionadotv.PNG,solucionadotv.PNG,solucionadotv.PNG
145,SE SOLUCIONO?,151,sesoluciono.png,sesoluciono.png,sesoluciono.png
147,SI : SOLUCION EN LINEA / RESET FACTORY / FIN DE LLAMADA,152,solucionadotv1.PNG,solucionadotv1.PNG,solucionadotv1.PNG
148,NO : REALIZAR CONFIGURACION POR DEFECTO,152,configuracionxdefecto.PNG,configuracionxdefecto.PNG,configuracionxdefecto.PNG
149,SI : SOLUCION EN LINEA / RESET ELECTRICO / FIN DE LLAMADA,155,solucionado.PNG,solucionado.PNG,solucionado.PNG
150,NO : GENERAR AVERIA / FIN DE LLAMADA ,155,averia1decoprem.png,averia1decomasi.png,averia1decomasi.png
266,NO : REALIZAR CONFIGURACIÓN POR DEFECTO,256,configuracionxdefecto.PNG,configuracionxdefecto.PNG,configuracionxdefecto.PNG
265,SI : SOLUCIÓN EN LINEA / RESET FACTORY / FIN DE LLAMADA,256,solucionadotv2.PNG,solucionadotv2.PNG,solucionadotv2.PNG
262,NO : VERIFICAR CONECTIVIDAD (PESTAÑA DIAGNOSTICO / BOTON CABLE MODEM),254,,,
261,SI : SOLUCION EN LINEA / DESCONEXION FISICA / FIN DE LLAMADA,254,,,
260,SI : SPEECH LADO CLIENTE / FIN DE LLAMADA,242,speechladocliente1.PNG,speechladocliente1.PNG,speechladocliente1.PNG
264,NO : REALIZAR DESCONEXION FISICA DEL CABLE MODEM,255,,,
215,SE SOLUCIONO?,218,sesoluciono.png,sesoluciono.png,sesoluciono.png
281,SE SOLUCIONO?,270,,,
239,SI : SOLUCION EN LINEA / SEGUNDO REFRESH/ FIN DE LLAMADA,234,solucionadotv.PNG,solucionadotv.PNG,solucionadotv.PNG
184,SE SOLUCIONO?,188,sesoluciono.png,sesoluciono.png,sesoluciono.png
185,SE SOLUCIONO?,190,sesoluciono.png,sesoluciono.png,sesoluciono.png
269,SE SOLUCIONO ?,150,,,
257,SE SOLUCIONO?,250,sesoluciono.png,sesoluciono.png,sesoluciono.png
259,POTENCIA EN VERDE,251,dhcpverde.PNG,dhcpverde.PNG,dhcpverde.PNG
258,POTENCIA EN ROJO,251,dhcprojo.PNG,dhcprojo.PNG,dhcprojo.PNG
247,NO : AGENDAR AL BACK ESPECIALIZADO,242,agendacuarentena.PNG,agendacuarentena.PNG,agendacuarentena.PNG
263,SI : SOLUCION EN LINEA / CONEXION LAN / FIN LLAMADA,255,,,
250,SE SOLUCIONO?,244,sesoluciono.png,sesoluciono.png,sesoluciono.png
251,SI : SOLUCION EN LINEA / RESET FACTORY / FIN DE LLAMADA,245,Solucionadononave.PNG,Solucionadononave.PNG,Solucionadononave.PNG
252,NO : AGENDAR AL BACK WIFI,245,agendawifi.PNG,agendawifi.PNG,agendawifi.PNG
253,SI : SOLUCION EN LINEA / RESET FACTORY / FIN DE LLAMADA,246,Solucionadononave.PNG,Solucionadononave.PNG,Solucionadononave.PNG
254,NO : AGENDAR AL BACK WIFI,246,agendawifi.PNG,agendawifi.PNG,agendawifi.PNG
237,NO : AGENDA AL BACK / FIN DE LLAMADA,232,agendabotv.PNG,agendabotv.PNG,agendabotv.PNG
245,SI : SOLUCION EN LINEA / CONFIGURACION / FIN DE LLAMADA,241,solucionadotv.PNG,solucionadotv.PNG,solucionadotv.PNG
246,NO : AGENDA AL BACK / FIN DE LLAMADA,241,agendabotv.PNG,agendabotv.PNG,agendabotv.PNG
274,SI : SOLUCION EN LINEA / RESET FACTORY / FIN DE LLAMADA,265,solucionadotv.PNG,solucionadotv.PNG,solucionadotv.PNG
275,NO : GENERAR AVERIA  / FIN DE LLAMADA,265,averiasinsenal3.PNG,averiasinsenal3.PNG,averiasinsenal3.PNG
276,SI : SOLUCION EN LINEA / RESET FACTORY / FIN DE LLAMADA,266,solucionadolenti.PNG,solucionadolenti.PNG,solucionadolenti.PNG
277,NO : AGENDAR AL BACK ESPECIALIZADO,266,agendawifi2.PNG,agendawifi2.PNG,agendawifi2.PNG
278,MENOS DE 8 DOWNTREAM,268,,,
279,MENOS DE 2 UPSTREAM,268,,,
280,SI TIENE PORTADORAS COMPLETAS,268,,,
