id,nombre,detalle,posicion,pasoAnterior,tablaSiguiente,tablaAnterior
1,paso00,Paso N° 0,0,,paso01,
2,paso01,Paso N° 1,1,paso0,paso02,paso00
3,paso02,Paso N° 2,2,paso1,paso03,paso01
4,paso03,Paso N° 3,3,paso2,paso04,paso02
5,paso04,Paso N° 4,4,paso3,paso05,paso03
6,paso05,Paso N° 5,5,paso4,paso06,paso04
7,paso06,Paso N° 6,6,paso5,paso07,paso05
8,paso07,Paso N° 7,7,paso6,paso08,paso06
9,paso08,Paso N° 8,8,paso7,paso09,paso07
10,paso09,Paso N° 9,9,paso8,paso10,paso08
11,paso10,Paso N° 10,10,paso9,paso11,paso09
12,paso11,Paso N° 11,11,paso10,paso12,paso10
13,paso12,Paso N° 12,12,paso11,paso13,paso11
14,paso13,Paso N° 13,13,paso12,paso14,paso12
15,paso14,Paso N° 14,14,paso13,paso15,paso13
16,paso15,Paso N° 15,15,paso14,paso16,paso14
17,paso16,Paso N° 16,16,paso15,paso17,paso15
18,paso17,Paso N° 17,17,paso16,paso18,paso16
19,paso18,Paso N° 18,18,paso17,paso19,paso17
20,paso19,Paso N° 19,19,paso18,paso20,paso18
21,paso20,Paso N° 20,20,paso19,paso21,paso19
22,paso21,Paso N° 21,21,paso20,paso22,paso20
23,paso22,Paso N° 22,22,paso21,,paso21
