id,detalle,paso2,img_total,img_negocios,img_masivo
86,SI : EL SERVICIO ESTA ACTIVO EN CMS?,37,servicioactivo.PNG,servicioactivo.PNG,servicioactivo.PNG
87,NO : PREGUNTAR AL CLIENTE ¿QUE MENSAJE SALE EN PANTALLA?,37,mensajestv.PNG,mensajestv.PNG,mensajestv.PNG
156,NO : SPEECH DE PAGO / FIN DE LLAMADA,75,suspendido.PNG,suspendido.PNG,suspendido.PNG
89,NO : PREGUNTAR AL CLIENTE ¿HAY ALGUIEN EN CASA PARA HACER LA TRIPARTITA? ,38,tripartita.PNG,tripartita.PNG,tripartita.PNG
90,SI : ES EN TODOS SUS DECOS? ,38,todoslosdecos.PNG,todoslosdecos.PNG,todoslosdecos.PNG
91,NO : PREGUNTAR AL CLIENTE ¿HAY ALGUIEN EN CASA PARA HACER LA TRIPARTITA? ,39,tripartita.PNG,tripartita.PNG,tripartita.PNG
92,SI : ASISTIR AL CLIENTE CON LIMPIEZA DE TARJETA ,39,limpiezatarje.PNG,limpiezatarje.PNG,limpiezatarje.PNG
93,NO : PREGUNTAR AL CLIENTE ¿HAY ALGUIEN EN CASA PARA HACER LA TRIPARTITA? ,40,tripartita.PNG,tripartita.PNG,tripartita.PNG
94,SI : SOLICITAR LA SERIE DEL DECO Y TARJETA / REVISAR EN CMS E INTRAWAY ,40,serieactivo1.PNG,serieactivo1.PNG,serieactivo1.PNG
95,NO : PREGUNTAR AL CLIENTE ¿HAY ALGUIEN EN CASA PARA HACER LA TRIPARTITA? ,41,tripartita.PNG,tripartita.PNG,tripartita.PNG
96,SI : PREGUNTAR AL CLIENTE ¿EL LED DEL DECODIFICADOR ESTA ENCENDIDO? ,41,descartedeco.PNG,descartedeco.PNG,descartedeco.PNG
97,NO : PREGUNTAR AL CLIENTE ¿HAY ALGUIEN EN CASA PARA HACER LA TRIPARTITA? ,42,tripartita.PNG,tripartita.PNG,tripartita.PNG
98,SI : ASISTIR CON EL SOPORTE AL CONTROL ,42,confcontrol.PNG,confcontrol.PNG,confcontrol.PNG
99,NO : PREGUNTAR AL CLIENTE ¿HAY ALGUIEN EN CASA PARA HACER LA TRIPARTITA? ,43,tripartita.PNG,tripartita.PNG,tripartita.PNG
100,SI : DESEA CONFIGURAR CONTROL CON DECO? ,43,tvodeco.PNG,tvodeco.PNG,tvodeco.PNG
164,POR CABLE DE RED Y WIFI?,83,wifirednonavega.PNG,wifirednonavega.PNG,wifirednonavega.PNG
155,NO : REALIZAR DESCONEXION FISICA  DEL CABLE MODEM,74,deschufamodem.PNG,deschufamodem.PNG,deschufamodem.PNG
167,SOLO POR WIFI?,84,redwifi.PNG,redwifi.PNG,redwifi.PNG
168,SI : AGENDAR BACK / PROVISION DE CABLE MODEM / FIN DE LLAMADA,85,,,
169,NO : VALIDAR MAC DE MODEM EN INTRAWAY - COINCIDE CON EL DEL CLIENTE?,85,,,
149,INGRESAR A MULTICONSULTA Y ACTIVAR EL DMZ,72,dmz1.PNG,dmz1.PNG,dmz1.PNG
148,INGRESAR A MULTICONSULTA Y REALIZAR EL NATEO,70,nateo1.PNG,nateo1.PNG,nateo1.PNG
147,INGRESAR AL BOTON CABLE MODEM - PESTAÑA WIFI (HACER CAMBIOS),69,cambiowifi.PNG,cambiowifi.PNG,cambiowifi.PNG
107,VALIDAR EN CMS SI SERVICIO ESTA ACTIVO ,49,servicioactivo.PNG,servicioactivo.PNG,servicioactivo.PNG
108,ESTA CERCA DEL EQUIPO? ,50,cerca.PNG,cerca.PNG,cerca.PNG
109,VALIDAR EN ATIS QUE TENGA CONTRATADO EL SERVICIO SUPLEMENTARIO ,51,sinimagen.png,sinimagen.png,sinimagen.png
110,PREGUNTAR SI ESCUCHA INDUCCION DE AUDIO AJENO ,52,Inducciondelinea.PNG,Inducciondelinea.PNG,Inducciondelinea.PNG
165,SOLO POR WIFI?,83,wifinonavega.PNG,wifinonavega.PNG,wifinonavega.PNG
166,POR CABLE DE RED Y WIFI?,84,redwifi.PNG,redwifi.PNG,redwifi.PNG
152,SE SOLUCIONO?,68,sesoluciono.png,sesoluciono.png,sesoluciono.png
113,SE SOLUCIONO?,55,sesoluciono.png,sesoluciono.png,sesoluciono.png
114,AZUL INTERMITENTE (LENTO) ,56,ont_mouse.png,ont_mouse.png,ont_mouse.png
115,AZUL INTERMITENTE (RAPIDO) ,56,ont_mouse.png,ont_mouse.png,ont_mouse.png
116,AZUL FIJO ,56,ont_mouse.png,ont_mouse.png,ont_mouse.png
117,ROJO FIJO ,56,sinpotenciatx.png,sinpotenciatx.png,sinpotenciatx.png
118,ROJO INTERMITENTE (LENTO) ,56,sinpotenciatx.png,sinpotenciatx.png,sinpotenciatx.png
119,APAGADO ,56,ont.png,ont.png,ont.png
120,APAGADO ,57,ont_wifi2.4.png,ont_wifi2.4.png,ont_wifi2.4.png
121,AZUL FIJO ,57,ont_wifi2.4.png,ont_wifi2.4.png,ont_wifi2.4.png
122,AZUL INTERMITENTE (LENTO) ,57,ont_wifi2.4.png,ont_wifi2.4.png,ont_wifi2.4.png
123,APAGADO ,58,ont_telefono.png,ont_telefono.png,ont_telefono.png
124,AZUL FIJO ,58,ont_telefono.png,ont_telefono.png,ont_telefono.png
125,AZUL INTERMITENTE (LENTO) ,58,ont_telefono.png,ont_telefono.png,ont_telefono.png
126,ROJO FIJO ,58,ont_telefono.png,ont_telefono.png,ont_telefono.png
127,VERDE FIJO ,58,ont_telefono.png,ont_telefono.png,ont_telefono.png
128,APAGADO ,59,ont_wifiplus.png,ont_wifiplus.png,ont_wifiplus.png
129,AZUL FIJO ,59,ont_wifiplus.png,ont_wifiplus.png,ont_wifiplus.png
130,AZUL INTERMITENTE (LENTO) ,59,ont_wifiplus.png,ont_wifiplus.png,ont_wifiplus.png
131,NO : EL PROBLEMA ES POR ETHERNET? ,60,sinimagen.png,sinimagen.png,sinimagen.png
132,NO : EL PROBLEMA ES POR WIFI? ,60,ont_wifiplus.png,ont_wifiplus.png,ont_wifiplus.png
133,SI : PREGUNTAR AL CLIENTE CUANTAS MAQUINAS ESTAN CONECTADAS AL EQUIPO? ,60,ont_wifiplus.png,ont_wifiplus.png,ont_wifiplus.png
137,PROBLEMA PEXT?,64,mensajeplanta.PNG,mensajeplanta.PNG,mensajeplanta.PNG
138,PROBLEMA DE RED CLIENTE?,64,mensajeredcliente.PNG,mensajeredcliente.PNG,mensajeredcliente.PNG
139,MTA PROVISIONADO EN INTRAWAY?,65,sinimagen.png,sinimagen.png,sinimagen.png
150,INGRESAR A MULTICONSULTA Y ACTIVA EL UPnP,73,upnp1.PNG,upnp1.PNG,upnp1.PNG
143,NO : PREGUNTAR AL CLIENTE ¿HAY ALGUIEN EN CASA PARA HACER LA TRIPARTITA?  ,67,tripartita.PNG,tripartita.PNG,tripartita.PNG
144,SI : PREGUNTAR AL CLIENTE ¿LOS LEDS DEL CABLE MODEM  ESTAN ENCENDIDOS?  ,67,lucesencendidas.PNG,lucesencendidas.PNG,lucesencendidas.PNG
154,SI : REALIZAR RESET AL CABLE MODEM DESDE MULTICONSULTA,74,resetsimple.PNG,resetsimple.PNG,resetsimple.PNG
157,SI: AGENDAR AL BACK PARA SU ACTIVACION,75,bocorte.PNG,bocorte.PNG,bocorte.PNG
158,SE SOLUCIONO?,76,sesoluciono.png,sesoluciono.png,sesoluciono.png
159,SE SOLUCIONO?,77,sesoluciono.png,sesoluciono.png,sesoluciono.png
160,SI : REALIZAR RESET AL CABLE MODEM DESDE MULTICONSULTA ,78,resetsimple.PNG,resetsimple.PNG,resetsimple.PNG
161,NO : REALIZAR RESET ELECTRICO,78,deschufamodem.PNG,deschufamodem.PNG,deschufamodem.PNG
163,SE SOLUCIONO?,81,sesoluciono.png,sesoluciono.png,sesoluciono.png
170,SE SOLUCIONO?,87,sesoluciono.png,sesoluciono.png,sesoluciono.png
174,NO PUEDE SALIR DE LOS CANALES DE MUSICA,89,,,
173,NO PUEDO ACCEDER A LOS CANALES DE MUSICA,89,,,
175,CLIENTE INDICA YA PAGO Y FRACCIONO. PASO LAS 24 HORAS?,91,paso24horas.PNG,paso24horas.PNG,paso24horas.PNG
176,CLIENTE INDICA YA PAGO Y FRACCIONO. PASO LAS 24 HORAS?,92,paso24horas.PNG,paso24horas.PNG,paso24horas.PNG
177,NO PUEDE VER CANALES NACIONALES,93,canalesnacionales.PNG,canalesnacionales.PNG,canalesnacionales.PNG
178,PRESENTA LLUVIA, INTERMITENCIA, PIXELEO EN CANALES NACIONALES,93,malasenaltv.PNG,malasenaltv.PNG,malasenaltv.PNG
179,PRESENTA LENTITUD INTERMITENCIA,EXPLICAR (FIN DE LLAMADA),94,intermitencia.PNG,intermitencia.PNG,intermitencia.PNG
180,INDICA QUE NO NAVEGA,94,nonavega.PNG,nonavega.PNG,nonavega.PNG
181,NO : INDICAR SPEECH (FIN DE LLAMADA),95,speech24horas.PNG,speech24horas.PNG,speech24horas.PNG
182,SI: TIENE DECOS ACTIVOS Y SUS MEGAS CONTRATADOS?,95,equiposactivos.PNG,equiposactivos.PNG,equiposactivos.PNG
183,NO : INDICAR SPEECH (FIN DE LLAMADA),96,speech24horas.PNG,speech24horas.PNG,speech24horas.PNG
184,SI : AGENDAR POR SRM PARA ACTIVACIÓN (FIN DE LLAMADA),96,degradado.PNG,degradado.PNG,degradado.PNG
185,ES EN TODOS LOS PUNTOS,97,,,
186,ES EN TODOS LOS PUNTOS,98,,,
187,TIENE AVERIA MASIVA O TTPP,100,,,
188,SI : TIENE QUE RESOLVERLO CON EL AREA DE INFORMATICA DE SU EMPRESA,101,,,
189,NO : PUEDE ACCEDER A ESE APLICATIVO DESDE OTRO DISPOSITIVO?,101,,,
