id,detalle,paso12,img_total,img_negocios,img_masivo
112,SI : SOLUCION EN LINEA / DESCONEXION FISICA / FIN DE LLAMADA,139,solucionado.PNG,solucionado.PNG,solucionado.PNG
113,NO : GENERAR AVERIA BACK DE VOZ / FIN DE LLAMADA ,139,speechbovoip.PNG,speechbovoip.PNG,speechbovoip.PNG
176,SI : SPEECH DEL LADO CLIENTE / FIN DE LLAMADA,175,speechladocliente2.PNG,speechladocliente2.PNG,speechladocliente2.PNG
177,NO : AGENDAR AL BACK ESPECIALIZADO,175,agendawifi2.PNG,agendawifi2.PNG,agendawifi2.PNG
178,SE SOLUCIONO?,177,sesoluciono.png,sesoluciono.png,sesoluciono.png
172,SI : SPEECH DEL LADO CLIENTE / FIN DE LLAMADA,171,speechladocliente1.PNG,speechladocliente1.PNG,speechladocliente1.PNG
173,NO : AGENDAR AL BACK WIFI,171,agendawifi.PNG,agendawifi.PNG,agendawifi.PNG
182,NO : GENERAR AVERIA / SIN SENAL / FIN DE LLAMADA,162,averiasinsenal3.PNG,averiasinsenal3.PNG,averiasinsenal3.PNG
168,SI : SOLUCION EN LINEA / SEGUNDO REFRESH/ FIN DE LLAMADA,162,solucionadotv.PNG,solucionadotv.PNG,solucionadotv.PNG
