id,detalle,paso6,img_total,img_negocios,img_masivo
252,SE SOLUCIONO?,257,sesoluciono.png,sesoluciono.png,sesoluciono.png
277,SE SOLUCIONO?,278,sesoluciono.png,sesoluciono.png,sesoluciono.png
267,SI : SOLUCION EN LINEA / RESET FACTORY / FIN DE LLAMADA,268,Solucionadononave.PNG,Solucionadononave.PNG,Solucionadononave.PNG
158,SI : SOLUCION EN LINEA/ REFRESH DECO / FIN DE LLAMADA ,153,solucionadotv.PNG,solucionadotv.PNG,solucionadotv.PNG
159,NO : SOLICITAR QUE RETIRE LA TAREJA LA COLOQUE Y ENVIAR REFRESH ,153,segundorefresh.PNG,segundorefresh.PNG,segundorefresh.PNG
305,SE SOLUCIONO?,315,,,
306,SE SOLUCIONO?,316,,,
164,SI : SOLUCION EN LINEA / AJUSTE DE CONEXIONADO / FIN DE LLAMADA,158,solucionadotv.PNG,solucionadotv.PNG,solucionadotv.PNG
165,NO : PREGUNTAR AL CLIENTE SI PUEDE VER EL CANAL 7 (TV PERU)?,158,canal7.PNG,canal7.PNG,canal7.PNG
166,SE SOLUCIONO?,160,sesoluciono.png,sesoluciono.png,sesoluciono.png
167,NO : PROCEDER CON EL CROSS (VENTA) / FIN DE LLAMADA,161,crosstv.PNG,crosstv.PNG,crosstv.PNG
168,SI : REVISAR (INTRAWAY y CMS) SI TIENE EL PAQUETE ASIGNADO?,161,bloqueintrawaycms.PNG,bloqueintrawaycms.PNG,bloqueintrawaycms.PNG
170,NO : LA POTENCIA ES ESTABLE? ,165,sinimagen.png,sinimagen.png,sinimagen.png
261,SI : REALIZAR UN RESET FACTORY,165,resetfactory1.PNG,resetfactory1.PNG,resetfactory1.PNG
171,SI : SOLUCION EN LINEA / REFRESH DECO / FIN DE LLAMADA ,166,solucionadotv2.PNG,solucionadotv2.PNG,solucionadotv2.PNG
172,NO : REFRESH SIN SOLUCION / AGENDAR BACK / FIN DE LLAMADA,166,agendabotv2.PNG,agendabotv2.PNG,agendabotv2.PNG
173,SI : SOLUCION EN LINEA / REFRESH DECO / FIN DE LLAMADA ,167,solucionadotv3.PNG,solucionadotv3.PNG,solucionadotv3.PNG
174,NO : SOLICITAR QUE RETIRE LA TAREJA LA COLOQUE Y ENVIAR REFRESH ,167,segundorefresh.PNG,segundorefresh.PNG,segundorefresh.PNG
175,SE SOLUCIONO?,169,sesoluciono.png,sesoluciono.png,sesoluciono.png
299,SI : SOLUCION EN LINEA / RESET FACTORY / FIN DE LLAMADA,303,solucionadotv2.PNG,solucionadotv2.PNG,solucionadotv2.PNG
289,SI: REVISAR (INTRAWAY y CMS) TIENE EL PAQUETE ASIGNADO?,157,bloqueintrawaycms.PNG,bloqueintrawaycms.PNG,bloqueintrawaycms.PNG
286,SE SOLUCIONO?,287,sesoluciono.png,sesoluciono.png,sesoluciono.png
287,SE SOLUCIONO?,288,sesoluciono.png,sesoluciono.png,sesoluciono.png
285,SI : REINICIAR EL CABLEMODEM,286,resetsimple.PNG,resetsimple.PNG,resetsimple.PNG
273,SI : SOLUCIONADO EN LINEA / CAMBIO DE IP / FIN DE LLAMADA,276,Solucionadononave.PNG,Solucionadononave.PNG,Solucionadononave.PNG
274,NO : GENERAR R414 / BACK CUARENTENA / FIN DE LLAMADA,276,agendacuarentena.PNG,agendacuarentena.PNG,agendacuarentena.PNG
275,SI : SOLUCIONADO EN LINEA / CAMBIO DE IP / FIN DE LLAMADA,277,Solucionadononave.PNG,Solucionadononave.PNG,Solucionadononave.PNG
276,NO : GENERAR R414 / BACK CUARENTENA / FIN DE LLAMADA,277,agendacuarentena.PNG,agendacuarentena.PNG,agendacuarentena.PNG
205,NO : REINICIAR EL CABLE MODEM ,200,resetsimple.PNG,resetsimple.PNG,resetsimple.PNG
206,SI : VALIDAR QUE MAC DE MTA ESTE PROVISIONADA EN IMS ,200,ims.PNG,ims.PNG,ims.PNG
207,SI : SOLUCION EN LINEA / DESACTIVA TRANSFERENCIA DE LLAMADA ,201,solucionado.PNG,solucionado.PNG,solucionado.PNG
208,NO : GENERAR AVERIA BACK DE VOZ / FIN DE LLAMADA ,201,speechbovoip.PNG,speechbovoip.PNG,speechbovoip.PNG
258,SI : ENVIAR REFRESH,262,refresh1.PNG,refresh1.PNG,refresh1.PNG
303,NO : AGENDAR AL BO TELEVISION / FIN DE LLAMADA,294,agendabotv.PNG,agendabotv.PNG,agendabotv.PNG
284,NO : AGENDA AL BACK / FIN DE LLAMADA,286,bovelocidad.PNG,bovelocidad.PNG,bovelocidad.PNG
278,ESTA CONECTADO FISICAMENTE EL EQUIPO AL MODEM?,280,,,
279,SE SOLUCIONO?,281,sesoluciono.png,sesoluciono.png,sesoluciono.png
280,RECOMENDAR COMPRA DE AP DUAL BAND / FIN DE LLAMADA,282,crosswifi1.PNG,crosswifi1.PNG,crosswifi1.PNG
281,VERIFICAR: HAY DISPOSITIVOS CONECTADOS VIA WIFI,283,validarequiposwifi.PNG,validarequiposwifi.PNG,validarequiposwifi.PNG
283,SE SOLUCIONO?,284,sesoluciono.png,sesoluciono.png,sesoluciono.png
292,SI : SOLUCION EN LINEA / SE LIQ RECONEXION / FIN DE LLAMADA,294,solucionadotv.PNG,solucionadotv.PNG,solucionadotv.PNG
288,NO: PROCEDER CON EL CROSS (VENTA) / FIN DE LLAMADA,157,crosstv.PNG,crosstv.PNG,crosstv.PNG
264,SE SOLUCIONO?,265,sesoluciono.png,sesoluciono.png,sesoluciono.png
301,SE SOLUCIONO?,305,,,
296,SI : SOLUCION DE LINEA / RESET CABLE MODEM / FIN DE LLAMADA,301,solucionado.PNG,solucionado.PNG,solucionado.PNG
297,NO : GENERAR AVERIA BACK DE VOZ / FIN DE LLAMADA ,301,speechbovoip.PNG,speechbovoip.PNG,speechbovoip.PNG
226,SE SOLUCIONO?,174,sesoluciono.png,sesoluciono.png,sesoluciono.png
238,SI : SOLUCIONADO EN LINEA / ASISTENCIA CONF. WIFI / FIN LLAMADA ,236,solucionado.PNG,solucionado.PNG,solucionado.PNG
237,SE SOLUCIONO?,235,sesoluciono.png,sesoluciono.png,sesoluciono.png
239,NO : AGENDAR BACK GPON / FIN DE LLAMADA,236,speechgpon.PNG,speechgpon.PNG,speechgpon.PNG
235,SI : SOLUCIONADO EN LINEA / ASISTENCIA CONF. WIFI / FIN LLAMADA ,233,solucionado.PNG,solucionado.PNG,solucionado.PNG
236,NO : AGENDAR BO GPON / FIN DE LLAMADA ,233,speechgpon.PNG,speechgpon.PNG,speechgpon.PNG
268,NO : GENERAR AVERIA / NO NAVEGA / FIN DE LLAMADA,268,speechnonav.PNG,speechnonav.PNG,speechnonav.PNG
304,NO : GENERAR AVERIA / PROBLEMA DECO / FIN DE LLAMADA,262,averiasinsenal3.PNG,averiasinsenal3.PNG,averiasinsenal3.PNG
300,NO : AGENDAR AL BACK / FIN DE LLAMADA,303,agendabotv1.PNG,agendabotv1.PNG,agendabotv1.PNG
244,SI : REINICIAR CABLE MODEM,245,resetsimple.PNG,resetsimple.PNG,resetsimple.PNG
