id,detalle,paso3,img_total,img_negocios,img_masivo
110,NO : REVISAR EN CMS, TIENE ORDEN DE RECONEXION PENDIENTE?,86,tienereco.PNG,tienereco.PNG,tienereco.PNG
111,SI : VERIFICAR - TIENE MENSAJE DE PLANTA EN MULTICONSULTA?,86,multimasiva.PNG,multimasiva.PNG,multimasiva.PNG
112,SIN SEÑAL LLAME AL 0800 / DECO SIN SEÑAL 006,87,mensinsenal.PNG,mensinsenal.PNG,mensinsenal.PNG
113,ACTIVACION EN PROCESO / DECO BLOQUEADO POR USO / DECO SUSPEDIDO POR FALTA DE PAGO / DECO BLOQUEADO POR FALTA DE USO MAS DE 15 DIAS,87,menactiv.PNG,menactiv.PNG,menactiv.PNG
115,INDICA NO VER EL CANAL O SE SALTEA / CANAL NO CONTRATADO / NO PERTENECE A SU PAQUETE  ,87,novecanal.PNG,novecanal.PNG,novecanal.PNG
116,PANTALLA NEGRA O AZUL / NO HAY SEÑAL / PANTALLA LLUVIOSA ,87,pantallazul.PNG,pantallazul.PNG,pantallazul.PNG
117,ACTUALIZANDO SOFTWARE ,87,actsoft.PNG,actsoft.PNG,actsoft.PNG
118,SIN CANALES HD -- CLIENTES DTH ,87,sincahd.PNG,sincahd.PNG,sincahd.PNG
259,SI : SOLUCION EN LINEA / DESCONEXION FISICA / FIN DE LLAMADA,170,solucionadotv2.PNG,solucionadotv2.PNG,solucionadotv2.PNG
120,NO : SPEECH NO HAY NADIE EN CASA ,89,lejosdeequipo1.PNG,lejosdeequipo1.PNG,lejosdeequipo1.PNG
121,SI : PROCEDER A REALIZAR LA LLAMADA TRIPARTITA ,89,llamartripartita.PNG,llamartripartita.PNG,llamartripartita.PNG
122,SI : VERIFICAR - TIENE MENSAJE DE PLANTA EN MULTICONSULTA? ,90,multimasiva.PNG,multimasiva.PNG,multimasiva.PNG
123,NO : REVISAR LA CONEXION DEL COAXIAL (DESENROSCA Y ENROSCA) ,90,desenroscable.PNG,desenroscable.PNG,desenroscable.PNG
124,NO : SPEECH NO HAY NADIE EN CASA ,91,lejosdeequipo1.PNG,lejosdeequipo1.PNG,lejosdeequipo1.PNG
125,SI : PROCEDER A REALIZAR LA LLAMADA TRIPARTITA ,91,llamartripartita.PNG,llamartripartita.PNG,llamartripartita.PNG
126,SE SOLUCIONO?,92,sesoluciono.png,sesoluciono.png,sesoluciono.png
127,NO : SPEECH NO HAY NADIE EN CASA ,93,lejosdeequipo1.PNG,lejosdeequipo1.PNG,lejosdeequipo1.PNG
128,SI : PROCEDER A REALIZAR LA LLAMADA TRIPARTITA ,93,llamartripartita.PNG,llamartripartita.PNG,llamartripartita.PNG
129,COINCIDEN LA SERIE? ,94,sinimagen.png,sinimagen.png,sinimagen.png
130,NO : SPEECH NO HAY NADIE EN CASA ,95,lejosdeequipo1.PNG,lejosdeequipo1.PNG,lejosdeequipo1.PNG
131,SI : PROCEDER A REALIZAR LA LLAMADA TRIPARTITA ,95,llamartripartita.PNG,llamartripartita.PNG,llamartripartita.PNG
132,SI : SOLICITAR QUE PRESIONE EL BOTON Y ENCIENDA EL DECO ,96,encenderdeco.PNG,encenderdeco.PNG,encenderdeco.PNG
133,NO : SOLICITAR AL CLIENTE QUE PRUEBE EN OTRA TOMA DE CORRIENTE ,96,desenchufar2.PNG,desenchufar2.PNG,desenchufar2.PNG
134,NO : SPEECH NO HAY NADIE EN CASA ,97,lejosdeequipo1.PNG,lejosdeequipo1.PNG,lejosdeequipo1.PNG
135,SI : PROCEDER A REALIZAR LA LLAMADA TRIPARTITA ,97,llamartripartita.PNG,llamartripartita.PNG,llamartripartita.PNG
136,SE SOLUCIONO?,98,sesoluciono.png,sesoluciono.png,sesoluciono.png
137,NO : SPEECH NO HAY NADIE EN CASA ,99,lejosdeequipo1.PNG,lejosdeequipo1.PNG,lejosdeequipo1.PNG
138,SI : PROCEDER A REALIZAR LA LLAMADA TRIPARTITA ,99,llamartripartita.PNG,llamartripartita.PNG,llamartripartita.PNG
139,SI : REALIZAR PROCEDIMIENTO DE CONFIGURACION ,100,decoconcontrol.PNG,decoconcontrol.PNG,decoconcontrol.PNG
140,NO : SOLICITAR AL CLIENTE LOS 4 DIGITOS DEL EQUIPO AL QUE DESEA CONFIGURAR Y REALIZAR CONFIGURACION ,100,tvconcontrol.PNG,tvconcontrol.PNG,tvconcontrol.PNG
264,REALIZAR PROCESO CON EL CONTROL REMOTO DEL DECO,174,botonaudio.PNG,botonaudio.PNG,botonaudio.PNG
262,SE SOLUCIONO?,148,sesoluciono.png,sesoluciono.png,sesoluciono.png
257,SI : IR CASUISTICA NO NAVEGA,169,,,
256,SE PUEDE CONECTAR AL WIFI O CAMBIO LA CONFIGURACION?,167,,,
236,SE SOLUCIONO?,150,sesoluciono.png,sesoluciono.png,sesoluciono.png
235,SE SOLUCIONO?,149,sesoluciono.png,sesoluciono.png,sesoluciono.png
233,SE SOLUCIONO?,147,sesoluciono.png,sesoluciono.png,sesoluciono.png
164,NO : SPEECH SUSPESION / FIN DE LLAMADA,107,clientesuspendido1.PNG,clientesuspendido1.PNG,clientesuspendido1.PNG
165,SI : TIENE MENSAJE DE MTA NO PROVISIONADO EN MULTICONSULTA ?,107,mensajemta.PNG,mensajemta.PNG,mensajemta.PNG
166,SI : VALIDAR QUE LINEA ESTE REGISTRADA EN IMS ,108,ims.PNG,ims.PNG,ims.PNG
167,NO : PREGUNTAR AL CLIENTE ¿HAY ALGUIEN EN CASA PARA HACER LA TRIPARTITA? ,108,tripartita.PNG,tripartita.PNG,tripartita.PNG
168,SI : VALIDAR EN IMS QUE ESTE CONFIGURADO ,109,suplementariosims.PNG,suplementariosims.PNG,suplementariosims.PNG
169,NO : OFRECER SERVICIO SUPLEMENTARIO (VENTA) / FIN DE LLAMADA ,109,cross.PNG,cross.PNG,cross.PNG
170,SI : GENERAR AVERIA DE VOZ / FIN DE LLAMADA ,110,speechbovoip.PNG,speechbovoip.PNG,speechbovoip.PNG
171,NO : PREGUNTAR AL CLIENTE SI ESCUCHA PITIDO REPETITIVO ,110,Inducciondelinea1.PNG,Inducciondelinea1.PNG,Inducciondelinea1.PNG
255,VERIFICAR SI HAY PICOS DE RUIDO EN GRAFICA DE RF MULTICONSULTA,166,ruidoelectriconew.png,ruidoelectriconew.png,ruidoelectriconew.png
253,ESTA CERCA DEL EQUIPO?,164,cerca.PNG,cerca.PNG,cerca.PNG
254,SE PUEDE CONECTAR AL WIFI O CAMBIO LA CONFIGURACION?,165,,,
263,VALIDAR EN CMS, CUENTA CON EL PAQUETE ESTELAR?,173,bloquecms.PNG,bloquecms.PNG,bloquecms.PNG
223,NO : SPEECH BO VOIP / PROVISIONAR MTA / FIN DE LLAMADA ,139,speechmta.PNG,speechmta.PNG,speechmta.PNG
222,SI : VALIDAR EN IMS ESTA REGISTRADO?,139,ims.PNG,ims.PNG,ims.PNG
191,SI : SOLUCIONADO EN LINEA / SEGUNDO REFRESH / FIN DE LLAMADA,113,solucionadotv.PNG,solucionadotv.PNG,solucionadotv.PNG
232,NO : SOLICITAR QUE RETIRE LA TAREJA LA COLOQUE Y ENVIAR REFRESH,113,segundorefresh.PNG,segundorefresh.PNG,segundorefresh.PNG
193,ESTA EN ESTE ESTADO MAS DE 15 MINUTOS? ,114,sinimagen.png,sinimagen.png,sinimagen.png
194,ESTA EN ESTE ESTADO MAS DE 15 MINUTOS? ,115,sinimagen.png,sinimagen.png,sinimagen.png
195,EL MODEM ESTA SINCRONIZADO PARA NAVEGAR / FIN DE LLAMADA,116,sinimagen.png,sinimagen.png,sinimagen.png
196,ERROR DE HARDWARE O FIRMWARE (REINICIO ELECTRICO EL EQUIPO) ,117,sinimagen.png,sinimagen.png,sinimagen.png
197,NIVEL DE POTENCIA OPTICA DEBAJO DEL UMBRAL ,118,sinimagen.png,sinimagen.png,sinimagen.png
198,ASEGURAR ALIMENTACION ELECTRICA AL EQUIPO ,119,sinimagen.png,sinimagen.png,sinimagen.png
258,NO : AGENDAR BACK - CAMBIO DE MODEM EN INTRAWAY / FIN DE LLAMADA,169,,,
199,INTERFACE WIFI DESHABILITADA ,120,sinimagen.png,sinimagen.png,sinimagen.png
200,EXISTE TRAFICO WIFI POR RED 2.4Mhz (NO ES UN PROBLEMA) ,121,sinimagen.png,sinimagen.png,sinimagen.png
201,ES INTENTO DEL CLIENTE DE CONECTARSEPOR WPS (NO ES UN PROBLEMA) / FIN DE LLAMADA ,122,sinimagen.png,sinimagen.png,sinimagen.png
202,VOZ NO PROVISIONADA ,123,sinimagen.png,sinimagen.png,sinimagen.png
203,SERVICIO DE VOZ DISPONIBLE (NO ES PROBLEMA) / FIN DE LLAMADA,124,sinimagen.png,sinimagen.png,sinimagen.png
204,EN PROCESO DE REGISTRO (NO ES PROBLEMA) / FIN DE LLAMADA,125,sinimagen.png,sinimagen.png,sinimagen.png
205,FALLO EL REGISTRO EN LA RED ,126,sinimagen.png,sinimagen.png,sinimagen.png
206,LLAMADA ENTRANTE / SALIENTE ,127,sinimagen.png,sinimagen.png,sinimagen.png
207,INTERFACE WIFI DESHABILITADA ,128,sinimagen.png,sinimagen.png,sinimagen.png
208,EXISTE TRAFICO WIFI POR RED 2.4Mhz (NO ES UN PROBLEMA)  / FIN DE LLAMADA,129,sinimagen.png,sinimagen.png,sinimagen.png
209,ES INTENTO DEL CLIENTE DE CONECTARSEPOR WPS (NO ES UN PROBLEMA)  / FIN DE LLAMADA,130,sinimagen.png,sinimagen.png,sinimagen.png
210,INDICAR AL CLIENTE QUE DEBE HACER LIMPIEZA DE VIRUS / ACTUALIZAR SU ANTIVIRUS ,131,sinimagen.png,sinimagen.png,sinimagen.png
211,ASISTENCIA AL CLIENTE PARA CONFIGURACION WIFI ,132,sinimagen.png,sinimagen.png,sinimagen.png
212,MAS DE 4 PCS ,133,sinimagen.png,sinimagen.png,sinimagen.png
220,GENERAR AVERIA R417 / FIN DE LLAMADA   ,137,speechmasiva.PNG,speechmasiva.PNG,speechmasiva.PNG
221,SI : GENERAR AVERIA / SIN SEÑAL / FIN DE LLAMADA   ,138,speechinternet.PNG,speechinternet.PNG,speechinternet.PNG
227,NO : SPEECH NO HAY NADIE EN CASA  ,143,lejosdeequipo1.PNG,lejosdeequipo1.PNG,lejosdeequipo1.PNG
228,SI : PROCEDER A REALIZAR LA LLAMADA TRIPARTITA  ,143,llamartripartita.PNG,llamartripartita.PNG,llamartripartita.PNG
229,NO : SOLICITAR AL CLIENTE QUE PRUEBE EN OTRA TOMA DE CORRIENTE  ,144,desenchufar3.PNG,desenchufar3.PNG,desenchufar3.PNG
230,SI : VOLVER A PASO 1 NO NAVEGA,144,sinimagen.png,sinimagen.png,sinimagen.png
237,SI : SOLUCION EN LINEA / BUSQUEDA CANALES / FIN DE LLAMADA,152,solucionadotv2.PNG,solucionadotv2.PNG,solucionadotv2.PNG
238,NO : SOLICITAR SERIE DEL DECO Y ENVIAR REFRESH,152,serierefresh.PNG,serierefresh.PNG,serierefresh.PNG
260,NO : SOLICITAR SERIE DEL DECO Y ENVIAR REFRESH,170,serierefresh.PNG,serierefresh.PNG,serierefresh.PNG
240,SE SOLUCIONO?,154,sesoluciono.png,sesoluciono.png,sesoluciono.png
241,SE SOLUCIONO?,155,sesoluciono.png,sesoluciono.png,sesoluciono.png
243,SI : SOLUCION EN LINEA / RESET CABLE MODEM / FIN DE LLAMADA,158,Solucionadononave.PNG,Solucionadononave.PNG,Solucionadononave.PNG
244,NO : REALIZAR RESET ELECTRICO DEL CABLE MODEM,158,deschufamodem.PNG,deschufamodem.PNG,deschufamodem.PNG
245,SI : SOLUCION EN LINEA / RESET CABLE MODEM / FIN DE LLAMADA,159,Solucionadononave.PNG,Solucionadononave.PNG,Solucionadononave.PNG
246,NO : REALIZAR RESET ELECTRICO DEL CABLE MODEM,159,deschufamodem.PNG,deschufamodem.PNG,deschufamodem.PNG
247,SE SOLUCIONO?,160,sesoluciono.png,sesoluciono.png,sesoluciono.png
248,SE SOLUCIONO?,161,sesoluciono.png,sesoluciono.png,sesoluciono.png
251,SI : SOLUCION EN LINEA / RESET FACTORY / FIN DE LLAMADA,163,solucionadolenti.PNG,solucionadolenti.PNG,solucionadolenti.PNG
252,NO : ESTADO DE MODEM ON LINE?,163,saturadoestado.PNG,saturadoestado.PNG,saturadoestado.PNG
265,NO : INDICAR SPEECH (FIN DE LLAMADA),175,speech24horas.PNG,speech24horas.PNG,speech24horas.PNG
266,SI: TIENE DECOS ACTIVOS Y SUS MEGAS CONTRATADOS?,175,equiposactivos.PNG,equiposactivos.PNG,equiposactivos.PNG
267,NO : INDICAR SPEECH (FIN DE LLAMADA),176,speech24horas.PNG,speech24horas.PNG,speech24horas.PNG
268,SI : AGENDAR POR SRM PARA ACTIVACIÓN (FIN DE LLAMADA),176,degradado.PNG,degradado.PNG,degradado.PNG
269,ES EN TODOS LOS PUNTOS,177,,,
270,ES EN TODOS LOS PUNTOS,178,,,
271,TIENE AVERIA MASIVA O TTPP,180,,,
272,NO : AGENDAR POR SRM PARA ACTIVACIÓN (FIN DE LLAMADA),182,degradado.PNG,degradado.PNG,degradado.PNG
273,SI: BRINDAR SOPORTE SEGÚN PROBLEMA (IR ÁRBOL GENERAL),182,,,
274,SI: TIENE AVERIA MASIVA O TTPP,185,,,
275,NO: BRINDAR SOPORTE,185,soportetecnico.PNG,soportetecnico.PNG,soportetecnico.PNG
276,SI: GENERAR AVERÍA (FIN DE LLAMADA),186,averiatv.PNG,averiatv.PNG,averiatv.PNG
277,NO: BRINDAR SOPORTE ,186,soportetecnico.PNG,soportetecnico.PNG,soportetecnico.PNG
278,SI: GENERAR AVERIA (FIN DE LLAMADA),187,speechmasiva.PNG,speechmasiva.PNG,speechmasiva.PNG
279,NO: BRINDAR SOPORTE SEGÚN ÁRBOL NO NAVEGA ,187,,,
280,SI : CAMBIO DE IP - SE RESUELVE?,189,,,
281,NO : TIENE QUE RESOLVERLO CON EL AREA DE INFORMATICA DE SU EMPRESA,189,,,
282,ESTOY CONECTADA POR WIFI PERO NO NAVEGO,165,,,
283,NO ENCUENTRO MI RED WIFI,165,,,
