id,detalle,paso7,img_total,img_negocios,img_masivo
243,SI : SOLICITAR LA SERIE Y ENVIAR REFRESH,165,serierefresh.PNG,serierefresh.PNG,serierefresh.PNG
219,SE SOLUCIONO?,244,sesoluciono.png,sesoluciono.png,sesoluciono.png
138,SE SOLUCIONO?,159,sesoluciono.png,sesoluciono.png,sesoluciono.png
275,NO : AGENDAR AL BO REMEDY / FIN DE LLAMADA,289,boremedytv.PNG,boremedytv.PNG,boremedytv.PNG
143,SI : SOLUCION EN LINEA / ACTUALIZA SOFTWARE DECO / FIN DE LLAMADA ,166,solucionadotv.PNG,solucionadotv.PNG,solucionadotv.PNG
144,NO : REALIZAR LA CONFIGURACION POR DEFECTO,166,configuracionxdefecto.PNG,configuracionxdefecto.PNG,configuracionxdefecto.PNG
145,NO : AGENDAR AL BO REMEDY / FIN DE LLAMADA ,168,speechremedytv.PNG,speechremedytv.PNG,speechremedytv.PNG
146,SI : TIENE CONFIGURADO EL LNB ?,168,sinimagen.png,sinimagen.png,sinimagen.png
147,SI : REALIZAR UN RESET FACTORY ,170,resetfactory1.PNG,resetfactory1.PNG,resetfactory1.PNG
148,NO : GENERAR AVERIA /FIN DE LLAMADA,170,averiamalasenal.PNG,averiamalasenal.PNG,averiamalasenal.PNG
149,SE SOLUCIONO?,174,sesoluciono.png,sesoluciono.png,sesoluciono.png
284,SI : SOLUCION EN LINEA / DESCONEXION FISICA / FIN DE LLAMADA,301,solucionadotv2.PNG,solucionadotv2.PNG,solucionadotv2.PNG
276,SI : REALIZAR UN RESET FACTORY DESDE INTRAWAY,289,resetfactory1.PNG,resetfactory1.PNG,resetfactory1.PNG
186,SE SOLUCIONO?,205,sesoluciono.png,sesoluciono.png,sesoluciono.png
187,NO : GENERAR AVERIA BACK DE VOZ / FIN DE LLAMADA ,206,speechbovoip.PNG,speechbovoip.PNG,speechbovoip.PNG
188,SI : VALIDAR EN IMS SI CUENTACON RESTRICCIONES ,206,ims1.PNG,ims1.PNG,ims1.PNG
272,NO : REALIZAR RESET FACTORY (PREVIA CAPTURA DE SSID Y CLAVE / ADEMAS DE PORT MAPPING),287,resetfactorymodem.PNG,resetfactorymodem.PNG,resetfactorymodem.PNG
256,SI : SOLUCION EN LINEA / DESCONEXION FISICA / FIN DE LLAMADA,277,Solucionadononave.PNG,Solucionadononave.PNG,Solucionadononave.PNG
257,NO : VERIFICAR CONECTIVIDAD (PESTAÑA DIAGNOSTICO / BOTON CABLE MODEM),277,diagnostico.PNG,diagnostico.PNG,diagnostico.PNG
258,SI : REALIZAR DESCONEXION FISICA DEL CABLE MODEM,278,,,
274,NO : SOLICITAR QUE CONECTE VIA CABLE DE RED,278,,,
260,SI : SOLUCION EN LINEA / RESET FACTORY / FIN DE LLAMADA,279,Solucionadononave.PNG,Solucionadononave.PNG,Solucionadononave.PNG
261,NO : CONFIRMAR CON EL CLIENTE EL NOMBRE DE LA RED WIFI,279,nombreredwifi.PNG,nombreredwifi.PNG,nombreredwifi.PNG
262,SI : ASISTENCIA AL CLIENTE PARA QUE CONFIGURE SUS DISPOSITIVOS,281,speechladoclientewifi1.PNG,speechladoclientewifi1.PNG,speechladoclientewifi1.PNG
263,NO : REALIZAR RESET FACTORY (PREVIA CAPTURA DE SSID Y CLAVE / ADEMAS DE PORT MAPPING),281,resetfactorymodem.PNG,resetfactorymodem.PNG,resetfactorymodem.PNG
264,SI : SOLUCION EN LINEA / CONFIGURACION WIFI / FIN DE LLAMADA,283,Solucionadononave.PNG,Solucionadononave.PNG,Solucionadononave.PNG
265,NO : REALIZAR RESET FACTORY (PREVIA CAPTURA DE SSID Y CLAVE / ADEMAS DE PORT MAPPING),283,resetfactorymodem.PNG,resetfactorymodem.PNG,resetfactorymodem.PNG
288,SE SOLUCIONO?,285,,,
269,SI : SOLUCION EN LINEA / RESET / FIN DE LLAMADA,286,solucionadolenti.PNG,solucionadolenti.PNG,solucionadolenti.PNG
270,NO : CONFIRMAR CON EL CLIENTE EL NOMBRE Y CLAVE DE LA RED WIFI,286,,,
271,SI : SOLUCION EN LINEA / CONFIGURA WIFI / FIN DE LLAMADA ,287,solucionadolenti.PNG,solucionadolenti.PNG,solucionadolenti.PNG
292,NO : AGENDAR AL BACK WIFI,306,agendawifi.PNG,agendawifi.PNG,agendawifi.PNG
249,SI : SOLUCION EN LINEA / SEGUNDO REFRESH / FIN DE LLAMADA,264,solucionadotv2.PNG,solucionado.PNG,solucionadotv2.PNG
212,SI : SOLUCION EN LINEA / RESET FACTORY / FIN DE LLAMADA,226,solucionadotv3.PNG,solucionadotv3.PNG,solucionadotv3.PNG
213,NO : GENERAR RUTINA DE CONTROL / FIN DE LLAMADA,226,rutinacontrol1.PNG,rutinacontrol1.PNG,rutinacontrol1.PNG
214,SI : SOLUCION EN LINEA / RESET ELECTRICO / FIN DE LLAMADA,237,solucionado.PNG,solucionado.PNG,solucionado.PNG
215,NO : AGENDAR BACK GPON / FIN DE LLAMADA,237,speechgpon.PNG,speechgpon.PNG,speechgpon.PNG
227,SI : SOLUCION EN LINEA / DESCONEXION FISICA / FIN DE LLAMADA,252,solucionadotv.PNG,solucionadotv.PNG,solucionadotv.PNG
285,NO : AGENDAR AL BACK / FIN DE LLAMADA,301,agendabotv1.PNG,agendabotv1.PNG,agendabotv1.PNG
222,SI : SOLUCION EN LINEA / RESET ELECTRICO / FIN DE LLAMADA ,175,solucionadotv3.PNG,solucionadotv3.PNG,solucionadotv3.PNG
223,NO : GENERAR AVERIA / PROBLEMA DECO / FIN DE LLAMADA,175,averiasinsenal4.PNG,averiasinsenal4.PNG,averiasinsenal4.PNG
228,NO : REALIZAR RESET FACTORY,252,resetfactory1.PNG,resetfactory1.PNG,resetfactory1.PNG
244,NO : SOLICITAR QUE RETIRE LA TAREJA LA COLOQUE Y ENVIAR  REFRESH,165,segundorefresh.PNG,segundorefresh.PNG,segundorefresh.PNG
242,SE SOLUCIONO?,258,sesoluciono.png,sesoluciono.png,sesoluciono.png
248,SE SOLUCIONO?,261,sesoluciono.png,sesoluciono.png,sesoluciono.png
250,NO : REFRESH SIN SOLUCION / AGENDAR BACK / FIN DE LLAMADA,264,agendabotv1.PNG,agendabotv1.PNG,agendabotv1.PNG
291,SI : SOLUCION EN LINEA / RESET FACTORY / FIN DE LLAMADA,306,Solucionadononave.PNG,Solucionadononave.PNG,Solucionadononave.PNG
290,NO: REVISAR LOS NIVELES DE CONEXION WIFI,305,,,
289,SI: SOLUCION EN LINEA / CONFIGURACION WIFI / FIN DE LLAMADA,305,Solucionadononave.PNG,Solucionadononave.PNG,Solucionadononave.PNG
