id,detalle,paso1,img_total,img_negocios,img_masivo
37,ES EN TODOS SUS DECOS?,30,todoslosdecos.PNG,todoslosdecos.PNG,todoslosdecos.PNG
38,ESTA CERCA DEL EQUIPO? ,31,cerca.PNG,cerca.PNG,cerca.PNG
39,ESTA CERCA DEL EQUIPO? ,32,cerca.PNG,cerca.PNG,cerca.PNG
40,ESTA CERCA DEL EQUIPO? ,33,cerca.PNG,cerca.PNG,cerca.PNG
41,ESTA CERCA DEL EQUIPO? ,34,cerca.PNG,cerca.PNG,cerca.PNG
42,ESTA CERCA DEL EQUIPO? ,35,cerca.PNG,cerca.PNG,cerca.PNG
43,ESTA CERCA DEL EQUIPO? ,36,cerca.PNG,cerca.PNG,cerca.PNG
85,VALIDAR ESPACIO EN INTRAWAY - VACIO?,62,,,
69,WIFI - CAMBIO DE (NOMBRE DE RED, CLAVE Y OTROS),39,confgwifi.PNG,confgwifi.PNG,confgwifi.PNG
70,NAT DE PUERTOS (PORT MAPPING),39,nateo.PNG,nateo.PNG,nateo.PNG
49,NO PUEDE LLAMAR? ,40,nopuedellamar.PNG,nopuedellamar.PNG,nopuedellamar.PNG
50,NO RECIBE LLAMADAS? ,40,norecibellamada.PNG,norecibellamada.PNG,norecibellamada.PNG
51,SERVICIOS SUPLEMENTARIOS ,40,suplementario.PNG,suplementario.PNG,suplementario.PNG
52,RUIDO EN LA LINEA ,40,ruidoenlinea.PNG,ruidoenlinea.PNG,ruidoenlinea.PNG
84,LENTITUD/INTERMITENCIAS,61,lentitud1.PNG,lentitud1.PNG,lentitud1.PNG
83,NO NAVEGA / REALIZAR PREGUNTAS DE DESCARTE,61,descartenonave.PNG,descartenonave.PNG,descartenonave.PNG
55,SOLICITAR SERIE DE DECO Y  ENVIAR REFRESH ,41,serierefresh.PNG,serierefresh.PNG,serierefresh.PNG
56,COMO VE LA LUZ ICONO MOUSE? ,42,ont_mouse.png,ont_mouse.png,ont_mouse.png
57,COMO VE LA LUZ ICONO wifi 2.4G? ,42,ont_wifi2.4.png,ont_wifi2.4.png,ont_wifi2.4.png
58,COMO VE LA LUZ TELEFONO? ,42,ont_telefono.png,ont_telefono.png,ont_telefono.png
59,COMO VE LA LUZ WIFI PLUS? ,42,ont_wifiplus.png,ont_wifiplus.png,ont_wifiplus.png
60,LUZ AZUL INTERMITENTES POR MOMENTOS? ,43,sinimagen.png,sinimagen.png,sinimagen.png
73,ACTIVACION UPnP,39,upnp.PNG,upnp.PNG,upnp.PNG
64,VER MENSAJES EN MULTICONSULTA,48,mensajemc.PNG,mensajemc.PNG,mensajemc.PNG
65,NO TIENE LINEA,40,nosalenllamadas.png,nosalenllamadas.png,nosalenllamadas.png
74,VERIFICAR EN BOTON DATOS DE INTRAWAY QUE MODEM ESTA OPERATIONAL?,52,datosintraway.PNG,datosintraway.PNG,datosintraway.PNG
72,ACTIVACION DMZ,39,dmz.PNG,dmz.PNG,dmz.PNG
67,ESTA CERCA DEL EQUIPO?  ,49,cerca.PNG,cerca.PNG,cerca.PNG
68,REALIZAR BUSQUEDA DE CANALES,50,busquedacanales.PNG,busquedacanales.PNG,busquedacanales.PNG
75,VALIDAR EN CMS /  SI SERVICIO ESTA ACTIVO,53,servicioactivo1.PNG,servicioactivo1.PNG,servicioactivo1.PNG
76,REALIZAR RESET AL CABLE MODEM DESDE MULTICONSULTA,54,resetsimple.PNG,resetsimple.PNG,resetsimple.PNG
77,REALIZAR RESET AL CABLE MODEM DESDE MULTICONSULTA,55,resetsimple.PNG,resetsimple.PNG,resetsimple.PNG
78,REVISAR EN MULTICONSULTA QUE TENGA IP DE CPE O CPE-CGNAT,56,capturaip.PNG,capturaip.PNG,capturaip.PNG
79,GENERAR AVERIA / FIN DE LLAMADA,57,speechmasiva2.PNG,speechmasiva2.PNG,speechmasiva2.PNG
81,REALIZAR RESET FACTORY (PREVIA CAPTURA DE SSID Y CLAVE / VOLVER A CONFIGURAR WIFI),59,resetfactorymodem.PNG,resetfactorymodem.PNG,resetfactorymodem.PNG
86,ES EN TODOS LOS DECOS / AGENDAR EL BO / FIN DE LLAMADA,63,agendabotv1.PNG,agendabotv1.PNG,agendabotv1.PNG
87,EN ALGUNOS DECOS REVISAR CONEXION FISICA Y VOLUMEN,63,revisarvolumen.PNG,revisarvolumen.PNG,revisarvolumen.PNG
89,CUAL ES SU PROBLEMA,64,descarteaudio.PNG,descarteaudio.PNG,descarteaudio.PNG
90,GENERAR AVERIA CAMBIO DE MODEM / FIN DE LLAMADA,65,speechmod.PNG,speechmod.PNG,speechmod.PNG
91,TIENE MARCA EN VISOR Y/O MULTICONSULTA,66,tienemarca2.PNG,tienemarca2.PNG,tienemarca2.PNG
92,TIENE LOS SERVICIOS DEGRADADOS Y NO TIENE MARCA,66,sinmarca.PNG,sinmarca.PNG,sinmarca.PNG
93,NO DESEA PAGAR NI FRACCIONAR, PROBLEMAS CON SEÑAL DE TV,66,problemascontv.PNG,problemascontv.PNG,problemascontv.PNG
94,NO DESEA PAGAR NI FRACCIONAR, PROBLEMAS CON INTERNET,66,problemasconinternet.PNG,problemasconinternet.PNG,problemasconinternet.PNG
95,CLIENTE INDICA YA PAGO Y FRACCIONO. PASO LAS 24 HORAS?,67,paso24horas.PNG,paso24horas.PNG,paso24horas.PNG
96,CLIENTE INDICA YA PAGO Y FRACCIONO. PASO LAS 24 HORAS?,68,paso24horas.PNG,paso24horas.PNG,paso24horas.PNG
97,NO PUEDE VER CANALES NACIONALES,69,canalesnacionales.PNG,canalesnacionales.PNG,canalesnacionales.PNG
98,PRESENTA LLUVIA, INTERMITENCIA, PIXELEO EN CANALES NACIONALES,69,malasenaltv.PNG,malasenaltv.PNG,malasenaltv.PNG
99,PRESENTA LENTITUD INTERMITENCIA,EXPLICAR (FIN DE LLAMADA),70,intermitencia.PNG,intermitencia.PNG,intermitencia.PNG
100,INDICA QUE NO NAVEGA,70,nonavega.PNG,nonavega.PNG,nonavega.PNG
101,EL PROBLEMA ES CON UN APLICATIVO DE SU EMPRESA?,71,,,
