archivo,tamanio
scm_phy_15_de_enero1.txt,569
scm_phy_1eromayo1.txt,672
scm_phy_200_millas1.txt,568
scm_phy_almacen_piura1.txt,570
scm_phy_ancon1.txt,566
scm_phy_arequipa4.txt,8,1M
scm_phy_arequipa6.txt,1,4M
scm_phy_barranco1.txt,839K
scm_phy_barranco2.txt,8,5M
scm_phy_bolognesi1.txt,567
scm_phy_buenosaires1.txt,570
scm_phy_callao2.txt,570
scm_phy_cantogrande1.txt,0
scm_phy_castilla1.txt,660
scm_phy_casuarinas1.txt,575
scm_phy_catacaos1.txt,566
scm_phy_cayma1.txt,10M
scm_phy_cercado1.txt,572
scm_phy_chaclacayo1.txt,568
scm_phy_chiclayo1.txt,0
scm_phy_chiclayo2.txt,13M
scm_phy_chiclayo3.txt,107K
scm_phy_chiclayo_centro1.txt,573
scm_phy_chilca1.txt,718
scm_phy_chillon1.txt,660
scm_phy_chimbote1.txt,0
scm_phy_chimbote2.txt,568
scm_phy_chorrillos1.txt,12M
scm_phy_chorrillos2.txt,1,3M
scm_phy_chorrillos3.txt,11M
scm_phy_chorrillos4.txt,742
scm_phy_chosica1.txt,672
scm_phy_ciudad_blanca1.txt,760
scm_phy_condevilla1.txt,9,8M
scm_phy_condevilla2.txt,0
scm_phy_cusco1.txt,10M
scm_phy_cusco2.txt,9,9M
scm_phy_el_agustino1.txt,569
scm_phy_el_bosque1.txt,641
scm_phy_el_progreso1.txt,571
scm_phy_eltambo1.txt,566
scm_phy_enrique_meiggs1.txt,572
scm_phy_esperanza1.txt,570
scm_phy_ferrenafe1.txt,567
scm_phy_fundo_marquez1.txt,573
scm_phy_garciacalderon1.txt,573
scm_phy_granados1.txt,566
scm_phy_higuereta1.txt,571
scm_phy_higuereta3.txt,310K
scm_phy_higuereta4.txt,11M
scm_phy_higuereta5.txt,12M
scm_phy_higuereta6.txt,2,1M
scm_phy_huachipa1.txt,566
scm_phy_huancayo1.txt,840
scm_phy_huaycan1.txt,565
scm_phy_huertos_de_manchay1.txt,576
scm_phy_hunter1.txt,564
scm_phy_ica2.txt,561
scm_phy_izuchaca1.txt,567
scm_phy_josegalvez1.txt,546
scm_phy_laalborada1.txt,0
scm_phy_la_angostura1.txt,881
scm_phy_lambayeque_centro1.txt,575
scm_phy_la_molina1.txt,571
scm_phy_lamolina2.txt,1,6M
scm_phy_lamolina3.txt,11M
scm_phy_larapa1.txt,564
scm_phy_las_delicias1.txt,663
scm_phy_las_flores1.txt,568
scm_phy_lavictoria1.txt,573
scm_phy_leguia1.txt,564
scm_phy_leonardo_ortiz1.txt,572
scm_phy_lince1.txt,14M
scm_phy_los_ficus1.txt,571
scm_phy_los_olivos1.txt,572
scm_phy_losolivos2.txt,12M
scm_phy_losolivos3.txt,11M
scm_phy_lurin1.txt,666
scm_phy_macarena1.txt,571
scm_phy_magdalena1.txt,13M
scm_phy_magdalena2.txt,12M
scm_phy_magdalena3.txt,571
scm_phy_mala1.txt,2,2M
scm_phy_mariategui1.txt,568
scm_phy_mariscalcaceres1.txt,576
scm_phy_miraflores1.txt,572
scm_phy_miraflores2.txt,339K
scm_phy_miraflores3.txt,13M
scm_phy_miraflores4.txt,13M
scm_phy_mirones1.txt,702
scm_phy_moche1.txt,565
scm_phy_monsefu1.txt,565
scm_phy_monterrey1.txt,567
scm_phy_monterrico2.txt,2,1M
scm_phy_monterrico3.txt,12M
scm_phy_monterrico5.txt,748
scm_phy_pamplona1.txt,731
scm_phy_parcona1.txt,565
scm_phy_piura2.txt,1,2M
scm_phy_pomalca1.txt,565
scm_phy_porvenir1.txt,573
scm_phy_puentepiedra1.txt,779
scm_phy_quinones1.txt,566
scm_phy_retablo1.txt,12M
scm_phy_retablo2.txt,10M
scm_phy_retablo3.txt,11M
scm_phy_retablo4.txt,386K
scm_phy_retablo5.txt,572
scm_phy_rimac1.txt,12M
scm_phy_rimac2.txt,1,3M
scm_phy_rimac3.txt,712
scm_phy_salaverry1.txt,569
scm_phy_san_borja1.txt,571
scm_phy_sanborja2.txt,9,9M
scm_phy_sanborja3.txt,1,4M
scm_phy_sanisidro1.txt,11M
scm_phy_sanisidro2.txt,1,5M
scm_phy_sanisidro3.txt,1,9M
scm_phy_sanjose1.txt,1,6M
scm_phy_sanjose2.txt,13M
scm_phy_sanjose3.txt,11M
scm_phy_san_jose5.txt,905K
scm_phy_sanjose5.txt,2,7M
scm_phy_sanjose6.txt,0
scm_phy_sanjuan2.txt,12M
scm_phy_sanjuan3.txt,12M
scm_phy_sanjuan4.txt,8,3M
scm_phy_san_roque1.txt,546
scm_phy_santa_clara1.txt,573
scm_phy_santa_rosa1.txt,568
scm_phy_tahuantinsuyo1.txt,760
scm_phy_trujillo2.txt,13M
scm_phy_trujillo3.txt,2,5M
scm_phy_ventanilla1.txt,808
scm_phy_villaelsalvador1.txt,687
scm_phy_villa_rica1.txt,856
scm_phy_villasol1.txt,566
scm_phy_vitarte1.txt,11M
scm_phy_vitarte2.txt,9,9M
scm_phy_vitarte3.txt,2,1M
scm_phy_washington2.txt,12M
scm_phy_washington3.txt,2,5M
scm_phy_washington4.txt,570
scm_phy_zamacola1.txt,566
scm_phy_zapallal1.txt,566
scm_phy_zarate1.txt,12M
scm_phy_zarate2.txt,12M
scm_phy_zarate3.txt,719
