parte1,tamanio,fecha,carpeta,archivo
-rwxrwxrwx 1 root root,65K,jul  2 10:02,/tftpboot,/scm_sum_15_de_enero1.txt
-rwxrwxrwx 1 root root,166K,jul  2 10:03,/tftpboot,/scm_sum_1eromayo1.txt
-rwxrwxrwx 1 root root,76K,jul  2 10:02,/tftpboot,/scm_sum_200_millas1.txt
-rwxrwxrwx 1 root root,132K,nov 20  2019,/tftpboot,/scm_sum_alborada1.txt
-rwxrwxrwx 1 root root,69K,jul  2 10:02,/tftpboot,/scm_sum_almacen_piura1.txt
-rwxrwxrwx 1 root root,74K,jul  2 10:02,/tftpboot,/scm_sum_ancon1.txt
-rwxrwxrwx 1 root root,22K,jul  2 10:00,/tftpboot,/scm_sum_arequipa4.txt
-rwxr-xr-x 1 root root,14K,jul  2 10:04,/tftpboot,/scm_sum_arequipa6.txt
-rwxr-xr-x 1 root root,0,jul  1 17:07,/tftpboot,/scm_sum_barranco1.txt
-rwxrwxrwx 1 root root,136K,jul  2 10:03,/tftpboot,/scm_sum_barranco2.txt
-rwxrwxrwx 1 root root,67K,jul  2 10:02,/tftpboot,/scm_sum_bolognesi1.txt
-rwxrwxrwx 1 root root,233K,jul  2 10:02,/tftpboot,/scm_sum_buenosaires1.txt
-rwxrwxrwx 1 root root,255K,jul  2 10:03,/tftpboot,/scm_sum_callao2.txt
-rwxrwxrwx 1 root root,361K,jul  2 10:03,/tftpboot,/scm_sum_cantogrande1.txt
-rwxrwxrwx 1 root root,170K,jul  2 10:02,/tftpboot,/scm_sum_castilla1.txt
-rwxrwxrwx 1 root root,59K,jul  2 10:02,/tftpboot,/scm_sum_casuarinas1.txt
-rwxrwxrwx 1 root root,62K,jul  2 10:02,/tftpboot,/scm_sum_catacaos1.txt
-rwxrwxrwx 1 root root,22K,jul  2 10:00,/tftpboot,/scm_sum_cayma1.txt
-rwxrwxrwx 1 root root,131K,jul  2 10:02,/tftpboot,/scm_sum_cercado1.txt
-rwxrwxrwx 1 root root,53K,jul  2 10:02,/tftpboot,/scm_sum_chaclacayo1.txt
-rwxrwxrwx 1 root root,23K,jul  2 10:00,/tftpboot,/scm_sum_chiclayo2.txt
-rwxrwxrwx 1 root root,0,jul  1 17:07,/tftpboot,/scm_sum_chiclayo3.txt
-rwxrwxrwx 1 root root,116K,jul  2 10:02,/tftpboot,/scm_sum_chiclayo_centro1.txt
-rwxrwxrwx 1 root root,23K,jul  2 10:02,/tftpboot,/scm_sum_chilca1.txt
-rwxrwxrwx 1 root root,63K,jul  2 10:02,/tftpboot,/scm_sum_chillon1.txt
-rwxrwxrwx 1 root root,0,abr 29 19:08,/tftpboot,/scm_sum_chimbote1.txt
-rwxrwxrwx 1 root root,205K,jul  2 10:03,/tftpboot,/scm_sum_chimbote2.txt
-rwxrwxrwx 1 root root,25K,jul  2 10:00,/tftpboot,/scm_sum_chorrillos1.txt
-rwxr-xr-x 1 root root,9,6K,jul  2 10:04,/tftpboot,/scm_sum_chorrillos2.txt
-rwxrwxrwx 1 root root,23K,jul  2 10:00,/tftpboot,/scm_sum_chorrillos3.txt
-rwxrwxrwx 1 root root,18K,jul  2 10:02,/tftpboot,/scm_sum_chorrillos4.txt
-rwxrwxrwx 1 root root,112K,jul  2 10:02,/tftpboot,/scm_sum_chosica1.txt
-rwxrwxrwx 1 root root,48K,jul  2 10:02,/tftpboot,/scm_sum_ciudad_blanca1.txt
-rwxrwxrwx 1 root root,0,jul 11  2019,/tftpboot,/scm_sum_collique1.txt
-rwxrwxrwx 1 root root,23K,jul  2 10:00,/tftpboot,/scm_sum_condevilla1.txt
-rwxrwxrwx 1 root root,102K,jul  2 10:02,/tftpboot,/scm_sum_condevilla2.txt
-rwxrwxrwx 1 root root,22K,jul  2 10:00,/tftpboot,/scm_sum_cusco1.txt
-rwxrwxrwx 1 root root,22K,jul  2 10:00,/tftpboot,/scm_sum_cusco2.txt
-rwxrwxrwx 1 root root,134K,jul  2 10:02,/tftpboot,/scm_sum_el_agustino1.txt
-rwxrwxrwx 1 root root,65K,jul  2 10:02,/tftpboot,/scm_sum_el_bosque1.txt
-rwxrwxrwx 1 root root,106K,jul  2 10:02,/tftpboot,/scm_sum_el_progreso1.txt
-rwxrwxrwx 1 root root,214K,jul  2 10:03,/tftpboot,/scm_sum_eltambo1.txt
-rwxrwxrwx 1 root root,72K,jul  2 10:02,/tftpboot,/scm_sum_enrique_meiggs1.txt
-rwxrwxrwx 1 root root,216K,jul  2 10:03,/tftpboot,/scm_sum_esperanza1.txt
-rwxrwxrwx 1 root root,44K,jul  2 10:02,/tftpboot,/scm_sum_ferrenafe1.txt
-rwxrwxrwx 1 root root,37K,jul  2 10:02,/tftpboot,/scm_sum_fundo_marquez1.txt
-rwxrwxrwx 1 root root,135K,jul  2 10:02,/tftpboot,/scm_sum_garciacalderon1.txt
-rwxrwxrwx 1 root root,132K,jul  2 10:03,/tftpboot,/scm_sum_granados1.txt
-rwxrwxrwx 1 root root,48K,jul  2 10:02,/tftpboot,/scm_sum_higuereta1.txt
-rwxr-xr-x 1 root root,13K,jul  2 10:04,/tftpboot,/scm_sum_higuereta3.txt
-rwxrwxrwx 1 root root,27K,jul  2 10:00,/tftpboot,/scm_sum_higuereta4.txt
-rwxrwxrwx 1 root root,22K,jul  2 10:00,/tftpboot,/scm_sum_higuereta5.txt
-rwxr-xr-x 1 root root,18K,jul  2 10:04,/tftpboot,/scm_sum_higuereta6.txt
-rwxrwxrwx 1 root root,60K,jul  2 10:02,/tftpboot,/scm_sum_huachipa1.txt
-rwxrwxrwx 1 root root,273K,jul  2 10:03,/tftpboot,/scm_sum_huancayo1.txt
-rwxrwxrwx 1 root root,105K,jul  2 10:02,/tftpboot,/scm_sum_huaycan1.txt
-rwxrwxrwx 1 root root,67K,jul  2 10:02,/tftpboot,/scm_sum_huertos_de_manchay1.txt
-rwxrwxrwx 1 root root,67K,jul  2 10:02,/tftpboot,/scm_sum_hunter1.txt
-rwxrwxrwx 1 root root,229K,jul  2 10:03,/tftpboot,/scm_sum_ica2.txt
-rwxrwxrwx 1 root root,14K,jun 20  2019,/tftpboot,/scm_sum_izcuchaca1.txt
-rwxrwxrwx 1 root root,7,3K,jul  2 10:02,/tftpboot,/scm_sum_izuchaca1.txt
-rwxrwxrwx 1 root root,78K,jul  2 10:02,/tftpboot,/scm_sum_josegalvez1.txt
-rwxrwxrwx 1 root root,130K,jul  2 10:02,/tftpboot,/scm_sum_laalborada1.txt
-rwxrwxrwx 1 root root,71K,jul  2 10:02,/tftpboot,/scm_sum_la_angostura1.txt
-rwxrwxrwx 1 root root,58K,jul  2 10:02,/tftpboot,/scm_sum_lambayeque_centro1.txt
-rwxrwxrwx 1 root root,99K,jul  2 10:02,/tftpboot,/scm_sum_la_molina1.txt
-rwxr-xr-x 1 root root,0,jun 29 23:41,/tftpboot,/scm_sum_lamolina2.txt
-rwxrwxrwx 1 root root,26K,jul  2 10:00,/tftpboot,/scm_sum_lamolina3.txt
-rwxrwxrwx 1 root root,173K,jul  2 10:02,/tftpboot,/scm_sum_larapa1.txt
-rwxrwxrwx 1 root root,126K,jul  2 10:03,/tftpboot,/scm_sum_las_delicias1.txt
-rwxrwxrwx 1 root root,86K,jul  2 10:02,/tftpboot,/scm_sum_las_flores1.txt
-rwxrwxrwx 1 root root,262K,jul  2 10:03,/tftpboot,/scm_sum_lavictoria1.txt
-rwxrwxrwx 1 root root,29K,jul  2 10:02,/tftpboot,/scm_sum_leguia1.txt
-rwxrwxrwx 1 root root,148K,jul  2 10:02,/tftpboot,/scm_sum_leonardo_ortiz1.txt
-rwxrwxrwx 1 root root,25K,jul  2 10:00,/tftpboot,/scm_sum_lince1.txt
-rwxrwxrwx 1 root root,137K,jul  2 10:03,/tftpboot,/scm_sum_los_ficus1.txt
-rwxrwxrwx 1 root root,109K,jul  2 10:03,/tftpboot,/scm_sum_los_olivos1.txt
-rwxrwxrwx 1 root root,22K,jul  2 10:00,/tftpboot,/scm_sum_losolivos2.txt
-rwxrwxrwx 1 root root,24K,jul  2 10:00,/tftpboot,/scm_sum_losolivos3.txt
-rwxrwxrwx 1 root root,24K,jul  2 10:02,/tftpboot,/scm_sum_lurin1.txt
-rwxrwxrwx 1 root root,22K,jul  2 10:02,/tftpboot,/scm_sum_macarena1.txt
-rwxrwxrwx 1 root root,25K,jul  2 10:00,/tftpboot,/scm_sum_magdalena1.txt
-rwxrwxrwx 1 root root,25K,jul  2 10:00,/tftpboot,/scm_sum_magdalena2.txt
-rwxrwxrwx 1 root root,115K,jul  2 10:02,/tftpboot,/scm_sum_magdalena3.txt
-rwxrwxrwx 1 root root,11K,jul  2 10:00,/tftpboot,/scm_sum_mala1.txt
-rwxrwxrwx 1 root root,233K,jul  2 10:03,/tftpboot,/scm_sum_mariategui1.txt
-rwxrwxrwx 1 root root,236K,jul  2 10:03,/tftpboot,/scm_sum_mariscalcaceres1.txt
-rwxrwxrwx 1 root root,1,9K,jul  2 10:02,/tftpboot,/scm_sum_miraflores1.txt
-rwxr-xr-x 1 root root,0,jun 27 22:41,/tftpboot,/scm_sum_miraflores2.txt
-rwxrwxrwx 1 root root,24K,jul  2 10:00,/tftpboot,/scm_sum_miraflores3.txt
-rwxrwxrwx 1 root root,24K,jul  2 10:00,/tftpboot,/scm_sum_miraflores4.txt
-rwxrwxrwx 1 root root,7,4K,jul  2 10:02,/tftpboot,/scm_sum_mirones1.txt
-rwxrwxrwx 1 root root,37K,jul  2 10:02,/tftpboot,/scm_sum_moche1.txt
-rwxrwxrwx 1 root root,47K,jul  2 10:02,/tftpboot,/scm_sum_monsefu1.txt
-rwxrwxrwx 1 root root,148K,jul  2 10:02,/tftpboot,/scm_sum_monterrey1.txt
-rwxr-xr-x 1 root root,18K,jul  2 10:04,/tftpboot,/scm_sum_monterrico2.txt
-rwxrwxrwx 1 root root,27K,jul  2 10:00,/tftpboot,/scm_sum_monterrico3.txt
-rwxrwxrwx 1 root root,78K,jul  2 10:02,/tftpboot,/scm_sum_monterrico5.txt
-rwxrwxrwx 1 root root,165K,jul  2 10:02,/tftpboot,/scm_sum_pamplona1.txt
-rwxrwxrwx 1 root root,75K,jul  2 10:02,/tftpboot,/scm_sum_parcona1.txt
-rwxr-xr-x 1 root root,14K,jul  2 10:04,/tftpboot,/scm_sum_piura2.txt
-rwxrwxrwx 1 root root,42K,jul  2 10:02,/tftpboot,/scm_sum_pomalca1.txt
-rwxrwxrwx 1 root root,112K,jul  2 10:02,/tftpboot,/scm_sum_porvenir1.txt
-rwxrwxrwx 1 root root,197K,jul  2 10:02,/tftpboot,/scm_sum_puentepiedra1.txt
-rwxrwxrwx 1 root root,47K,jul  2 10:02,/tftpboot,/scm_sum_quinones1.txt
-rwxrwxrwx 1 root root,23K,jul  2 10:00,/tftpboot,/scm_sum_retablo1.txt
-rwxrwxrwx 1 root root,23K,jul  2 10:00,/tftpboot,/scm_sum_retablo2.txt
-rwxrwxrwx 1 root root,23K,jul  2 10:00,/tftpboot,/scm_sum_retablo3.txt
-rwxr-xr-x 1 root root,16K,jul  2 10:04,/tftpboot,/scm_sum_retablo4.txt
-rwxrwxrwx 1 root root,47K,jul  2 10:02,/tftpboot,/scm_sum_retablo5.txt
-rwxrwxrwx 1 root root,23K,jul  2 10:00,/tftpboot,/scm_sum_rimac1.txt
-rwxr-xr-x 1 root root,0,jun 29 23:41,/tftpboot,/scm_sum_rimac2.txt
-rwxrwxrwx 1 root root,55K,jul  2 10:02,/tftpboot,/scm_sum_rimac3.txt
-rwxrwxrwx 1 root root,46K,jul  2 10:02,/tftpboot,/scm_sum_salaverry1.txt
-rwxrwxrwx 1 root root,57K,jul  2 10:02,/tftpboot,/scm_sum_san_borja1.txt
-rwxrwxrwx 1 root root,19K,jul  2 10:00,/tftpboot,/scm_sum_sanborja2.txt
-rwxr-xr-x 1 root root,15K,jul  2 10:04,/tftpboot,/scm_sum_sanborja3.txt
-rwxrwxrwx 1 root root,25K,jul  2 10:00,/tftpboot,/scm_sum_sanisidro1.txt
-rwxr-xr-x 1 root root,13K,jul  2 10:04,/tftpboot,/scm_sum_sanisidro2.txt
-rwxr-xr-x 1 root root,0,jun 29 23:41,/tftpboot,/scm_sum_sanisidro3.txt
-rwxr-xr-x 1 root root,0,jul  1 17:08,/tftpboot,/scm_sum_sanjose1.txt
-rwxrwxrwx 1 root root,23K,jul  2 10:00,/tftpboot,/scm_sum_sanjose2.txt
-rwxrwxrwx 1 root root,23K,jul  2 10:00,/tftpboot,/scm_sum_sanjose3.txt
-rwxrwxrwx 1 root root,0,jun 30 22:03,/tftpboot,/scm_sum_sanjose5.txt
-rwxrwxrwx 1 root root,78K,jul  2 10:02,/tftpboot,/scm_sum_sanjose6.txt
-rwxrwxrwx 1 root root,23K,jul  2 10:00,/tftpboot,/scm_sum_sanjuan2.txt
-rwxrwxrwx 1 root root,22K,jul  2 10:00,/tftpboot,/scm_sum_sanjuan3.txt
-rwxrwxrwx 1 root root,17K,jul  2 10:00,/tftpboot,/scm_sum_sanjuan4.txt
-rwxrwxrwx 1 root root,127K,jul  2 10:03,/tftpboot,/scm_sum_san_roque1.txt
-rwxrwxrwx 1 root root,161K,jul  2 10:02,/tftpboot,/scm_sum_santa_clara1.txt
-rwxrwxrwx 1 root root,204K,jul  2 10:03,/tftpboot,/scm_sum_santa_rosa1.txt
-rwxrwxrwx 1 root root,75K,jul  2 10:02,/tftpboot,/scm_sum_tahuantinsuyo1.txt
-rwxrwxrwx 1 root root,24K,jul  2 10:00,/tftpboot,/scm_sum_trujillo2.txt
-rwxr-xr-x 1 root root,0,jul  1 17:08,/tftpboot,/scm_sum_trujillo3.txt
-rwxrwxrwx 1 root root,190K,jul  2 10:02,/tftpboot,/scm_sum_ventanilla1.txt
-rwxrwxrwx 1 root root,366K,jul  2 10:04,/tftpboot,/scm_sum_villaelsalvador1.txt
-rwxrwxrwx 1 root root,71K,jul  2 10:02,/tftpboot,/scm_sum_villa_rica1.txt
-rwxrwxrwx 1 root root,162K,jul  2 10:03,/tftpboot,/scm_sum_villasol1.txt
-rwxrwxrwx 1 root root,24K,jul  2 10:00,/tftpboot,/scm_sum_vitarte1.txt
-rwxrwxrwx 1 root root,25K,jul  2 10:00,/tftpboot,/scm_sum_vitarte2.txt
-rwxr-xr-x 1 root root,0,jul  1 17:09,/tftpboot,/scm_sum_vitarte3.txt
-rwxrwxrwx 1 root root,23K,jul  2 10:00,/tftpboot,/scm_sum_washington2.txt
-rwxr-xr-x 1 root root,0,jul  1 17:09,/tftpboot,/scm_sum_washington3.txt
-rwxrwxrwx 1 root root,358K,jul  2 10:04,/tftpboot,/scm_sum_washington4.txt
-rwxrwxrwx 1 root root,65K,jul  2 10:02,/tftpboot,/scm_sum_zamacola1.txt
-rwxrwxrwx 1 root root,178K,jul  2 10:02,/tftpboot,/scm_sum_zapallal1.txt
-rwxrwxrwx 1 root root,24K,jul  2 10:00,/tftpboot,/scm_sum_zarate1.txt
-rwxrwxrwx 1 root root,22K,jul  2 10:00,/tftpboot,/scm_sum_zarate2.txt
-rwxrwxrwx 1 root root,3,3K,jul  2 10:02,/tftpboot,/scm_sum_zarate3.txt
