parte1,tamanio,fecha,carpeta,archivo
-rwxrwxrwx 1 root root,569,jul  2 10:02,/tftpboot,scm_phy_15_de_enero1.txt
-rwxrwxrwx 1 root root,672,jul  2 10:02,/tftpboot,scm_phy_1eromayo1.txt
-rwxrwxrwx 1 root root,568,jul  2 10:02,/tftpboot,scm_phy_200_millas1.txt
-rwxrwxrwx 1 root root,570,jul  2 10:02,/tftpboot,scm_phy_almacen_piura1.txt
-rwxrwxrwx 1 root root,566,jul  2 10:02,/tftpboot,scm_phy_ancon1.txt
-rwxrwxrwx 1 root root,8,1M,jul  2 10:00,/tftpboot,scm_phy_arequipa4.txt
-rwxr-xr-x 1 root root,1,4M,jul  2 09:15,/tftpboot,scm_phy_arequipa6.txt
-rwxr-xr-x 1 root root,839K,jul  2 09:15,/tftpboot,scm_phy_barranco1.txt
-rwxrwxrwx 1 root root,8,5M,jul  2 09:59,/tftpboot,scm_phy_barranco2.txt
-rwxrwxrwx 1 root root,567,jul  2 10:02,/tftpboot,scm_phy_bolognesi1.txt
-rwxrwxrwx 1 root root,570,jul  2 10:02,/tftpboot,scm_phy_buenosaires1.txt
-rwxrwxrwx 1 root root,570,jul  2 10:02,/tftpboot,scm_phy_callao2.txt
-rwxrwxrwx 1 root root,0,jul  2 10:02,/tftpboot,scm_phy_cantogrande1.txt
-rwxrwxrwx 1 root root,660,jul  2 10:02,/tftpboot,scm_phy_castilla1.txt
-rwxrwxrwx 1 root root,575,jul  2 10:02,/tftpboot,scm_phy_casuarinas1.txt
-rwxrwxrwx 1 root root,566,jul  2 10:02,/tftpboot,scm_phy_catacaos1.txt
-rwxrwxrwx 1 root root,10M,jul  2 10:00,/tftpboot,scm_phy_cayma1.txt
-rwxrwxrwx 1 root root,572,jul  2 10:02,/tftpboot,scm_phy_cercado1.txt
-rwxrwxrwx 1 root root,568,jul  2 10:02,/tftpboot,scm_phy_chaclacayo1.txt
-rwxrwxrwx 1 root root,0,jun 20  2019,/tftpboot,scm_phy_chiclayo1.txt
-rwxrwxrwx 1 root root,13M,jul  2 10:00,/tftpboot,scm_phy_chiclayo2.txt
-rwxrwxrwx 1 root root,107K,jul  2 10:00,/tftpboot,scm_phy_chiclayo3.txt
-rwxrwxrwx 1 root root,573,jul  2 10:02,/tftpboot,scm_phy_chiclayo_centro1.txt
-rwxrwxrwx 1 root root,718,jul  2 10:02,/tftpboot,scm_phy_chilca1.txt
-rwxrwxrwx 1 root root,660,jul  2 10:02,/tftpboot,scm_phy_chillon1.txt
-rwxrwxrwx 1 root root,0,abr 29 19:06,/tftpboot,scm_phy_chimbote1.txt
-rwxrwxrwx 1 root root,568,jul  2 10:02,/tftpboot,scm_phy_chimbote2.txt
-rwxrwxrwx 1 root root,12M,jul  2 10:00,/tftpboot,scm_phy_chorrillos1.txt
-rwxr-xr-x 1 root root,1,3M,jul  2 10:00,/tftpboot,scm_phy_chorrillos2.txt
-rwxrwxrwx 1 root root,11M,jul  2 10:00,/tftpboot,scm_phy_chorrillos3.txt
-rwxrwxrwx 1 root root,742,jul  2 10:02,/tftpboot,scm_phy_chorrillos4.txt
-rwxrwxrwx 1 root root,672,jul  2 10:02,/tftpboot,scm_phy_chosica1.txt
-rwxrwxrwx 1 root root,760,jul  2 10:02,/tftpboot,scm_phy_ciudad_blanca1.txt
-rwxrwxrwx 1 root root,9,8M,jul  2 10:00,/tftpboot,scm_phy_condevilla1.txt
-rwxrwxrwx 1 root root,0,jul  2 10:02,/tftpboot,scm_phy_condevilla2.txt
-rwxrwxrwx 1 root root,10M,jul  2 10:00,/tftpboot,scm_phy_cusco1.txt
-rwxrwxrwx 1 root root,9,9M,jul  2 10:00,/tftpboot,scm_phy_cusco2.txt
-rwxrwxrwx 1 root root,569,jul  2 10:02,/tftpboot,scm_phy_el_agustino1.txt
-rwxrwxrwx 1 root root,641,jul  2 10:02,/tftpboot,scm_phy_el_bosque1.txt
-rwxrwxrwx 1 root root,571,jul  2 10:02,/tftpboot,scm_phy_el_progreso1.txt
-rwxrwxrwx 1 root root,566,jul  2 10:02,/tftpboot,scm_phy_eltambo1.txt
-rwxrwxrwx 1 root root,572,jul  2 10:02,/tftpboot,scm_phy_enrique_meiggs1.txt
-rwxrwxrwx 1 root root,570,jul  2 10:02,/tftpboot,scm_phy_esperanza1.txt
-rwxrwxrwx 1 root root,567,jul  2 10:02,/tftpboot,scm_phy_ferrenafe1.txt
-rwxrwxrwx 1 root root,573,jul  2 10:02,/tftpboot,scm_phy_fundo_marquez1.txt
-rwxrwxrwx 1 root root,573,jul  2 10:02,/tftpboot,scm_phy_garciacalderon1.txt
-rwxrwxrwx 1 root root,566,jul  2 10:02,/tftpboot,scm_phy_granados1.txt
-rwxrwxrwx 1 root root,571,jul  2 10:02,/tftpboot,scm_phy_higuereta1.txt
-rwxr-xr-x 1 root root,310K,jul  2 10:01,/tftpboot,scm_phy_higuereta3.txt
-rwxrwxrwx 1 root root,11M,jul  2 10:00,/tftpboot,scm_phy_higuereta4.txt
-rwxrwxrwx 1 root root,12M,jul  2 10:00,/tftpboot,scm_phy_higuereta5.txt
-rwxr-xr-x 1 root root,2,1M,jul  2 10:02,/tftpboot,scm_phy_higuereta6.txt
-rwxrwxrwx 1 root root,566,jul  2 10:02,/tftpboot,scm_phy_huachipa1.txt
-rwxrwxrwx 1 root root,840,jul  2 10:02,/tftpboot,scm_phy_huancayo1.txt
-rwxrwxrwx 1 root root,565,jul  2 10:02,/tftpboot,scm_phy_huaycan1.txt
-rwxrwxrwx 1 root root,576,jul  2 10:02,/tftpboot,scm_phy_huertos_de_manchay1.txt
-rwxrwxrwx 1 root root,564,jul  2 10:02,/tftpboot,scm_phy_hunter1.txt
-rwxrwxrwx 1 root root,561,jul  2 10:02,/tftpboot,scm_phy_ica2.txt
-rwxrwxrwx 1 root root,567,jul  2 10:02,/tftpboot,scm_phy_izuchaca1.txt
-rwxrwxrwx 1 root root,546,jul  2 10:02,/tftpboot,scm_phy_josegalvez1.txt
-rwxrwxrwx 1 root root,0,jul  2 10:02,/tftpboot,scm_phy_laalborada1.txt
-rwxrwxrwx 1 root root,881,jul  2 10:02,/tftpboot,scm_phy_la_angostura1.txt
-rwxrwxrwx 1 root root,575,jul  2 10:02,/tftpboot,scm_phy_lambayeque_centro1.txt
-rwxrwxrwx 1 root root,571,jul  2 10:02,/tftpboot,scm_phy_la_molina1.txt
-rwxr-xr-x 1 root root,1,6M,jul  2 10:01,/tftpboot,scm_phy_lamolina2.txt
-rwxrwxrwx 1 root root,11M,jul  2 10:00,/tftpboot,scm_phy_lamolina3.txt
-rwxrwxrwx 1 root root,564,jul  2 10:02,/tftpboot,scm_phy_larapa1.txt
-rwxrwxrwx 1 root root,663,jul  2 10:02,/tftpboot,scm_phy_las_delicias1.txt
-rwxrwxrwx 1 root root,568,jul  2 10:02,/tftpboot,scm_phy_las_flores1.txt
-rwxrwxrwx 1 root root,573,jul  2 10:02,/tftpboot,scm_phy_lavictoria1.txt
-rwxrwxrwx 1 root root,564,jul  2 10:02,/tftpboot,scm_phy_leguia1.txt
-rwxrwxrwx 1 root root,572,jul  2 10:02,/tftpboot,scm_phy_leonardo_ortiz1.txt
-rwxrwxrwx 1 root root,14M,jul  2 10:00,/tftpboot,scm_phy_lince1.txt
-rwxrwxrwx 1 root root,571,jul  2 10:02,/tftpboot,scm_phy_los_ficus1.txt
-rwxrwxrwx 1 root root,572,jul  2 10:02,/tftpboot,scm_phy_los_olivos1.txt
-rwxrwxrwx 1 root root,12M,jul  2 10:00,/tftpboot,scm_phy_losolivos2.txt
-rwxrwxrwx 1 root root,11M,jul  2 10:00,/tftpboot,scm_phy_losolivos3.txt
-rwxrwxrwx 1 root root,666,jul  2 10:02,/tftpboot,scm_phy_lurin1.txt
-rwxrwxrwx 1 root root,571,jul  2 10:02,/tftpboot,scm_phy_macarena1.txt
-rwxrwxrwx 1 root root,13M,jul  2 10:00,/tftpboot,scm_phy_magdalena1.txt
-rwxrwxrwx 1 root root,12M,jul  2 10:00,/tftpboot,scm_phy_magdalena2.txt
-rwxrwxrwx 1 root root,571,jul  2 10:02,/tftpboot,scm_phy_magdalena3.txt
-rwxrwxrwx 1 root root,2,2M,jul  2 10:00,/tftpboot,scm_phy_mala1.txt
-rwxrwxrwx 1 root root,568,jul  2 10:02,/tftpboot,scm_phy_mariategui1.txt
-rwxrwxrwx 1 root root,576,jul  2 10:02,/tftpboot,scm_phy_mariscalcaceres1.txt
-rwxrwxrwx 1 root root,572,jul  2 10:02,/tftpboot,scm_phy_miraflores1.txt
-rwxr-xr-x 1 root root,339K,jul  2 10:01,/tftpboot,scm_phy_miraflores2.txt
-rwxrwxrwx 1 root root,13M,jul  2 10:00,/tftpboot,scm_phy_miraflores3.txt
-rwxrwxrwx 1 root root,13M,jul  2 10:00,/tftpboot,scm_phy_miraflores4.txt
-rwxrwxrwx 1 root root,702,jul  2 10:02,/tftpboot,scm_phy_mirones1.txt
-rwxrwxrwx 1 root root,565,jul  2 10:02,/tftpboot,scm_phy_moche1.txt
-rwxrwxrwx 1 root root,565,jul  2 10:02,/tftpboot,scm_phy_monsefu1.txt
-rwxrwxrwx 1 root root,567,jul  2 10:02,/tftpboot,scm_phy_monterrey1.txt
-rwxr-xr-x 1 root root,2,1M,jul  2 10:01,/tftpboot,scm_phy_monterrico2.txt
-rwxrwxrwx 1 root root,12M,jul  2 10:00,/tftpboot,scm_phy_monterrico3.txt
-rwxrwxrwx 1 root root,748,jul  2 10:02,/tftpboot,scm_phy_monterrico5.txt
-rwxrwxrwx 1 root root,731,jul  2 10:02,/tftpboot,scm_phy_pamplona1.txt
-rwxrwxrwx 1 root root,565,jul  2 10:02,/tftpboot,scm_phy_parcona1.txt
-rwxr-xr-x 1 root root,1,2M,jul  2 10:01,/tftpboot,scm_phy_piura2.txt
-rwxrwxrwx 1 root root,565,jul  2 10:02,/tftpboot,scm_phy_pomalca1.txt
-rwxrwxrwx 1 root root,573,jul  2 10:02,/tftpboot,scm_phy_porvenir1.txt
-rwxrwxrwx 1 root root,779,jul  2 10:02,/tftpboot,scm_phy_puentepiedra1.txt
-rwxrwxrwx 1 root root,566,jul  2 10:02,/tftpboot,scm_phy_quinones1.txt
-rwxrwxrwx 1 root root,12M,jul  2 10:00,/tftpboot,scm_phy_retablo1.txt
-rwxrwxrwx 1 root root,10M,jul  2 10:00,/tftpboot,scm_phy_retablo2.txt
-rwxrwxrwx 1 root root,11M,jul  2 10:00,/tftpboot,scm_phy_retablo3.txt
-rwxr-xr-x 1 root root,386K,jul  2 10:00,/tftpboot,scm_phy_retablo4.txt
-rwxrwxrwx 1 root root,572,jul  2 10:02,/tftpboot,scm_phy_retablo5.txt
-rwxrwxrwx 1 root root,12M,jul  2 10:00,/tftpboot,scm_phy_rimac1.txt
-rwxr-xr-x 1 root root,1,3M,jul  2 10:01,/tftpboot,scm_phy_rimac2.txt
-rwxrwxrwx 1 root root,712,jul  2 10:02,/tftpboot,scm_phy_rimac3.txt
-rwxrwxrwx 1 root root,569,jul  2 10:02,/tftpboot,scm_phy_salaverry1.txt
-rwxrwxrwx 1 root root,571,jul  2 10:02,/tftpboot,scm_phy_san_borja1.txt
-rwxrwxrwx 1 root root,9,9M,jul  2 10:00,/tftpboot,scm_phy_sanborja2.txt
-rwxr-xr-x 1 root root,1,4M,jul  2 10:01,/tftpboot,scm_phy_sanborja3.txt
-rwxrwxrwx 1 root root,11M,jul  2 10:00,/tftpboot,scm_phy_sanisidro1.txt
-rwxr-xr-x 1 root root,1,5M,jul  2 10:01,/tftpboot,scm_phy_sanisidro2.txt
-rwxr-xr-x 1 root root,1,9M,jul  2 10:02,/tftpboot,scm_phy_sanisidro3.txt
-rwxr-xr-x 1 root root,1,6M,jul  2 10:00,/tftpboot,scm_phy_sanjose1.txt
-rwxrwxrwx 1 root root,13M,jul  2 10:00,/tftpboot,scm_phy_sanjose2.txt
-rwxrwxrwx 1 root root,11M,jul  2 10:00,/tftpboot,scm_phy_sanjose3.txt
-rwxrwxrwx 1 root root,905K,nov 22  2019,/tftpboot,scm_phy_san_jose5.txt
-rwxr-xr-x 1 root root,2,7M,jul  2 10:00,/tftpboot,scm_phy_sanjose5.txt
-rwxrwxrwx 1 root root,0,jul  2 10:02,/tftpboot,scm_phy_sanjose6.txt
-rwxrwxrwx 1 root root,12M,jul  2 10:00,/tftpboot,scm_phy_sanjuan2.txt
-rwxrwxrwx 1 root root,12M,jul  2 10:00,/tftpboot,scm_phy_sanjuan3.txt
-rwxrwxrwx 1 root root,8,3M,jul  2 10:00,/tftpboot,scm_phy_sanjuan4.txt
-rwxrwxrwx 1 root root,546,jul  2 10:02,/tftpboot,scm_phy_san_roque1.txt
-rwxrwxrwx 1 root root,573,jul  2 10:02,/tftpboot,scm_phy_santa_clara1.txt
-rwxrwxrwx 1 root root,568,jul  2 10:02,/tftpboot,scm_phy_santa_rosa1.txt
-rwxrwxrwx 1 root root,760,jul  2 10:02,/tftpboot,scm_phy_tahuantinsuyo1.txt
-rwxrwxrwx 1 root root,13M,jul  2 10:00,/tftpboot,scm_phy_trujillo2.txt
-rwxr-xr-x 1 root root,2,5M,jul  2 10:01,/tftpboot,scm_phy_trujillo3.txt
-rwxrwxrwx 1 root root,808,jul  2 10:02,/tftpboot,scm_phy_ventanilla1.txt
-rwxrwxrwx 1 root root,687,jul  2 10:02,/tftpboot,scm_phy_villaelsalvador1.txt
-rwxrwxrwx 1 root root,856,jul  2 10:02,/tftpboot,scm_phy_villa_rica1.txt
-rwxrwxrwx 1 root root,566,jul  2 10:02,/tftpboot,scm_phy_villasol1.txt
-rwxrwxrwx 1 root root,11M,jul  2 10:00,/tftpboot,scm_phy_vitarte1.txt
-rwxrwxrwx 1 root root,9,9M,jul  2 10:00,/tftpboot,scm_phy_vitarte2.txt
-rwxr-xr-x 1 root root,2,1M,jul  2 10:01,/tftpboot,scm_phy_vitarte3.txt
-rwxrwxrwx 1 root root,12M,jul  2 10:00,/tftpboot,scm_phy_washington2.txt
-rwxr-xr-x 1 root root,2,5M,jul  2 10:01,/tftpboot,scm_phy_washington3.txt
-rwxrwxrwx 1 root root,570,jul  2 10:02,/tftpboot,scm_phy_washington4.txt
-rwxrwxrwx 1 root root,566,jul  2 10:02,/tftpboot,scm_phy_zamacola1.txt
-rwxrwxrwx 1 root root,566,jul  2 10:02,/tftpboot,scm_phy_zapallal1.txt
-rwxrwxrwx 1 root root,12M,jul  2 10:00,/tftpboot,scm_phy_zarate1.txt
-rwxrwxrwx 1 root root,12M,jul  2 10:00,/tftpboot,scm_phy_zarate2.txt
-rwxrwxrwx 1 root root,719,jul  2 10:02,/tftpboot,scm_phy_zarate3.txt
