archivo,tamanio
/scm_sum_15_de_enero1.txt,65K
/scm_sum_1eromayo1.txt,166K
/scm_sum_200_millas1.txt,76K
/scm_sum_alborada1.txt,132K
/scm_sum_almacen_piura1.txt,69K
/scm_sum_ancon1.txt,74K
/scm_sum_arequipa4.txt,22K
/scm_sum_arequipa6.txt,14K
/scm_sum_barranco1.txt,0
/scm_sum_barranco2.txt,136K
/scm_sum_bolognesi1.txt,67K
/scm_sum_buenosaires1.txt,233K
/scm_sum_callao2.txt,255K
/scm_sum_cantogrande1.txt,361K
/scm_sum_castilla1.txt,170K
/scm_sum_casuarinas1.txt,59K
/scm_sum_catacaos1.txt,62K
/scm_sum_cayma1.txt,22K
/scm_sum_cercado1.txt,131K
/scm_sum_chaclacayo1.txt,53K
/scm_sum_chiclayo2.txt,23K
/scm_sum_chiclayo3.txt,0
/scm_sum_chiclayo_centro1.txt,116K
/scm_sum_chilca1.txt,23K
/scm_sum_chillon1.txt,63K
/scm_sum_chimbote1.txt,0
/scm_sum_chimbote2.txt,205K
/scm_sum_chorrillos1.txt,25K
/scm_sum_chorrillos2.txt,9,6K
/scm_sum_chorrillos3.txt,23K
/scm_sum_chorrillos4.txt,18K
/scm_sum_chosica1.txt,112K
/scm_sum_ciudad_blanca1.txt,48K
/scm_sum_collique1.txt,0
/scm_sum_condevilla1.txt,23K
/scm_sum_condevilla2.txt,102K
/scm_sum_cusco1.txt,22K
/scm_sum_cusco2.txt,22K
/scm_sum_el_agustino1.txt,134K
/scm_sum_el_bosque1.txt,65K
/scm_sum_el_progreso1.txt,106K
/scm_sum_eltambo1.txt,214K
/scm_sum_enrique_meiggs1.txt,72K
/scm_sum_esperanza1.txt,216K
/scm_sum_ferrenafe1.txt,44K
/scm_sum_fundo_marquez1.txt,37K
/scm_sum_garciacalderon1.txt,135K
/scm_sum_granados1.txt,132K
/scm_sum_higuereta1.txt,48K
/scm_sum_higuereta3.txt,13K
/scm_sum_higuereta4.txt,27K
/scm_sum_higuereta5.txt,22K
/scm_sum_higuereta6.txt,18K
/scm_sum_huachipa1.txt,60K
/scm_sum_huancayo1.txt,273K
/scm_sum_huaycan1.txt,105K
/scm_sum_huertos_de_manchay1.txt,67K
/scm_sum_hunter1.txt,67K
/scm_sum_ica2.txt,229K
/scm_sum_izcuchaca1.txt,14K
/scm_sum_izuchaca1.txt,7,3K
/scm_sum_josegalvez1.txt,78K
/scm_sum_laalborada1.txt,130K
/scm_sum_la_angostura1.txt,71K
/scm_sum_lambayeque_centro1.txt,58K
/scm_sum_la_molina1.txt,99K
/scm_sum_lamolina2.txt,0
/scm_sum_lamolina3.txt,26K
/scm_sum_larapa1.txt,173K
/scm_sum_las_delicias1.txt,126K
/scm_sum_las_flores1.txt,86K
/scm_sum_lavictoria1.txt,262K
/scm_sum_leguia1.txt,29K
/scm_sum_leonardo_ortiz1.txt,148K
/scm_sum_lince1.txt,25K
/scm_sum_los_ficus1.txt,137K
/scm_sum_los_olivos1.txt,109K
/scm_sum_losolivos2.txt,22K
/scm_sum_losolivos3.txt,24K
/scm_sum_lurin1.txt,24K
/scm_sum_macarena1.txt,22K
/scm_sum_magdalena1.txt,25K
/scm_sum_magdalena2.txt,25K
/scm_sum_magdalena3.txt,115K
/scm_sum_mala1.txt,11K
/scm_sum_mariategui1.txt,233K
/scm_sum_mariscalcaceres1.txt,236K
/scm_sum_miraflores1.txt,1,9K
/scm_sum_miraflores2.txt,0
/scm_sum_miraflores3.txt,24K
/scm_sum_miraflores4.txt,24K
/scm_sum_mirones1.txt,7,4K
/scm_sum_moche1.txt,37K
/scm_sum_monsefu1.txt,47K
/scm_sum_monterrey1.txt,148K
/scm_sum_monterrico2.txt,18K
/scm_sum_monterrico3.txt,27K
/scm_sum_monterrico5.txt,78K
/scm_sum_pamplona1.txt,165K
/scm_sum_parcona1.txt,75K
/scm_sum_piura2.txt,14K
/scm_sum_pomalca1.txt,42K
/scm_sum_porvenir1.txt,112K
/scm_sum_puentepiedra1.txt,197K
/scm_sum_quinones1.txt,47K
/scm_sum_retablo1.txt,23K
/scm_sum_retablo2.txt,23K
/scm_sum_retablo3.txt,23K
/scm_sum_retablo4.txt,16K
/scm_sum_retablo5.txt,47K
/scm_sum_rimac1.txt,23K
/scm_sum_rimac2.txt,0
/scm_sum_rimac3.txt,55K
/scm_sum_salaverry1.txt,46K
/scm_sum_san_borja1.txt,57K
/scm_sum_sanborja2.txt,19K
/scm_sum_sanborja3.txt,15K
/scm_sum_sanisidro1.txt,25K
/scm_sum_sanisidro2.txt,13K
/scm_sum_sanisidro3.txt,0
/scm_sum_sanjose1.txt,0
/scm_sum_sanjose2.txt,23K
/scm_sum_sanjose3.txt,23K
/scm_sum_sanjose5.txt,0
/scm_sum_sanjose6.txt,78K
/scm_sum_sanjuan2.txt,23K
/scm_sum_sanjuan3.txt,22K
/scm_sum_sanjuan4.txt,17K
/scm_sum_san_roque1.txt,127K
/scm_sum_santa_clara1.txt,161K
/scm_sum_santa_rosa1.txt,204K
/scm_sum_tahuantinsuyo1.txt,75K
/scm_sum_trujillo2.txt,24K
/scm_sum_trujillo3.txt,0
/scm_sum_ventanilla1.txt,190K
/scm_sum_villaelsalvador1.txt,366K
/scm_sum_villa_rica1.txt,71K
/scm_sum_villasol1.txt,162K
/scm_sum_vitarte1.txt,24K
/scm_sum_vitarte2.txt,25K
/scm_sum_vitarte3.txt,0
/scm_sum_washington2.txt,23K
/scm_sum_washington3.txt,0
/scm_sum_washington4.txt,358K
/scm_sum_zamacola1.txt,65K
/scm_sum_zapallal1.txt,178K
/scm_sum_zarate1.txt,24K
/scm_sum_zarate2.txt,22K
/scm_sum_zarate3.txt,3,3K
