archivo,tamanio
scmoffline_15_de_enero1.txt,338K
scmoffline_1eromayo1.txt,878K
scmoffline_200_millas1.txt,318K
scmoffline_alborada1.txt,520K
scmoffline_almacen_piura1.txt,247K
scmoffline_ancon1.txt,196K
scmoffline_arequipa4.txt,895K
scmoffline_arequipa6.txt,734K
scmoffline_barranco1.txt,728K
scmoffline_barranco2.txt,791K
scmoffline_bolognesi1.txt,275K
scmoffline_buenosaires1.txt,716K
scmoffline_callao2.txt,1,7M
scmoffline_cantogrande1.txt,1,8M
scmoffline_castilla1.txt,615K
scmoffline_casuarinas1.txt,339K
scmoffline_catacaos1.txt,148K
scmoffline_cayma1.txt,1,1M
scmoffline_cercado1.txt,776K
scmoffline_chaclacayo1.txt,416K
scmoffline_chiclayo2.txt,1,5M
scmoffline_chiclayo3.txt,95K
scmoffline_chiclayo_centro1.txt,404K
scmoffline_chilca1.txt,70K
scmoffline_chillon1.txt,348K
scmoffline_chimbote1.txt,0
scmoffline_chimbote2.txt,1,1M
scmoffline_chorrillos1.txt,1,3M
scmoffline_chorrillos2.txt,620K
scmoffline_chorrillos3.txt,1,2M
scmoffline_chorrillos4.txt,105K
scmoffline_chosica1.txt,561K
scmoffline_ciudad_blanca1.txt,198K
scmoffline_condevilla1.txt,1,1M
scmoffline_condevilla2.txt,574K
scmoffline_cusco1.txt,1,2M
scmoffline_cusco2.txt,1,1M
scmoffline_el_agustino1.txt,731K
scmoffline_el_bosque1.txt,192K
scmoffline_el_progreso1.txt,342K
scmoffline_eltambo1.txt,1,2M
scmoffline_enrique_meiggs1.txt,266K
scmoffline_esperanza1.txt,966K
scmoffline_ferrenafe1.txt,114K
scmoffline_fundo_marquez1.txt,142K
scmoffline_garciacalderon1.txt,331K
scmoffline_granados1.txt,597K
scmoffline_higuereta1.txt,248K
scmoffline_higuereta3.txt,895K
scmoffline_higuereta4.txt,1,2M
scmoffline_higuereta5.txt,1,3M
scmoffline_higuereta6.txt,1,2M
scmoffline_huachipa1.txt,130K
scmoffline_huancayo1.txt,1,2M
scmoffline_huaycan1.txt,359K
scmoffline_huertos_de_manchay1.txt,227K
scmoffline_hunter1.txt,215K
scmoffline_ica2.txt,954K
scmoffline_izcuchaca1.txt,22K
scmoffline_izuchaca1.txt,24K
scmoffline_josegalvez1.txt,443K
scmoffline_laalborada1.txt,552K
scmoffline_la_angostura1.txt,238K
scmoffline_lambayeque_centro1.txt,264K
scmoffline_la_molina1.txt,399K
scmoffline_lamolina2.txt,839K
scmoffline_lamolina3.txt,1,2M
scmoffline_larapa1.txt,697K
scmoffline_las_delicias1.txt,770K
scmoffline_las_flores1.txt,459K
scmoffline_lavictoria1.txt,1,6M
scmoffline_leguia1.txt,102K
scmoffline_leonardo_ortiz1.txt,421K
scmoffline_lince1.txt,1,5M
scmoffline_los_ficus1.txt,777K
scmoffline_los_olivos1.txt,876K
scmoffline_losolivos2.txt,1,3M
scmoffline_losolivos3.txt,1,2M
scmoffline_lurin1.txt,421K
scmoffline_macarena1.txt,87K
scmoffline_magdalena1.txt,1,4M
scmoffline_magdalena2.txt,1,3M
scmoffline_magdalena3.txt,711K
scmoffline_mala1.txt,250K
scmoffline_mariategui1.txt,1,4M
scmoffline_mariscalcaceres1.txt,957K
scmoffline_miraflores1.txt,1,8K
scmoffline_miraflores2.txt,1,1M
scmoffline_miraflores3.txt,1,4M
scmoffline_miraflores4.txt,1,3M
scmoffline_mirones1.txt,450K
scmoffline_moche1.txt,184K
scmoffline_monsefu1.txt,114K
scmoffline_monterrey1.txt,677K
scmoffline_monterrico2.txt,1,2M
scmoffline_monterrico3.txt,1,3M
scmoffline_monterrico5.txt,443K
scmoffline_pamplona1.txt,840K
scmoffline_parcona1.txt,206K
scmoffline_piura2.txt,0
scmoffline_pomalca1.txt,99K
scmoffline_porvenir1.txt,600K
scmoffline_puentepiedra1.txt,763K
scmoffline_quinones1.txt,144K
scmoffline_retablo1.txt,1,3M
scmoffline_retablo2.txt,1,1M
scmoffline_retablo3.txt,1,2M
scmoffline_retablo4.txt,1,1M
scmoffline_retablo5.txt,200K
scmoffline_rimac1.txt,1,3M
scmoffline_rimac2.txt,0
scmoffline_rimac3.txt,275K
scmoffline_salaverry1.txt,218K
scmoffline_san_borja1.txt,395K
scmoffline_sanborja2.txt,1,1M
scmoffline_sanborja3.txt,739K
scmoffline_sanisidro1.txt,1,1M
scmoffline_sanisidro2.txt,814K
scmoffline_sanisidro3.txt,871K
scmoffline_sanjose1.txt,897K
scmoffline_sanjose2.txt,1,4M
scmoffline_sanjose3.txt,1,2M
scmoffline_sanjose5.txt,1,3M
scmoffline_sanjose6.txt,425K
scmoffline_sanjuan2.txt,1,3M
scmoffline_sanjuan3.txt,1,4M
scmoffline_sanjuan4.txt,924K
scmoffline_san_roque1.txt,667K
scmoffline_santa_clara1.txt,471K
scmoffline_santa_rosa1.txt,1,1M
scmoffline_tahuantinsuyo1.txt,343K
scmoffline_trujillo2.txt,1,4M
scmoffline_trujillo3.txt,1,3M
scmoffline_ventanilla1.txt,752K
scmoffline_villaelsalvador1.txt,2,1M
scmoffline_villa_rica1.txt,173K
scmoffline_villasol1.txt,860K
scmoffline_vitarte1.txt,1,2M
scmoffline_vitarte2.txt,1,1M
scmoffline_vitarte3.txt,977K
scmoffline_washington2.txt,1,3M
scmoffline_washington3.txt,1,2M
scmoffline_washington4.txt,638K
scmoffline_zamacola1.txt,249K
scmoffline_zapallal1.txt,656K
scmoffline_zarate1.txt,1,3M
scmoffline_zarate2.txt,1,3M
scmoffline_zarate3.txt,497K
