parte1,tamanio,fecha,carpeta,archivo
-rwxrwxrwx 1 root root,1,4M,mar  6 16:10,/tftpboot,access_group_arequipa4.txt
-rwxrwxrwx 1 root root,1,5M,mar  6 16:10,/tftpboot,access_group_cayma1.txt
-rwxrwxrwx 1 root root,1,6M,mar  6 16:11,/tftpboot,access_group_chiclayo2.txt
-rwxrwxrwx 1 root root,0,mar  6 16:43,/tftpboot,access_group_chorrillos1.txt
-rwxrwxrwx 1 root root,1,4M,mar  6 16:10,/tftpboot,access_group_chorrillos3.txt
-rwxrwxrwx 1 root root,1,5M,feb 27 11:10,/tftpboot,access_group_condevilla1.txt
-rwxrwxrwx 1 root root,1,6M,feb 27 11:11,/tftpboot,access_group_cusco1.txt
-rwxrwxrwx 1 root root,0,feb 27 12:09,/tftpboot,access_group_cusco2.txt
-rwxrwxrwx 1 root root,1,8M,mar  6 16:10,/tftpboot,access_group_higuereta4.txt
-rwxrwxrwx 1 root root,1,8M,mar  6 16:10,/tftpboot,access_group_higuereta5.txt
-rwxrwxrwx 1 root root,1,3M,mar  6 16:11,/tftpboot,access_group_lamolina3.txt
-rwxrwxrwx 1 root root,2,0M,mar  6 16:10,/tftpboot,access_group_lince1.txt
-rwxrwxrwx 1 root root,1,7M,mar  6 16:11,/tftpboot,access_group_losolivos2.txt
-rwxrwxrwx 1 root root,1,5M,mar  6 16:11,/tftpboot,access_group_losolivos3.txt
-rwxrwxrwx 1 root root,1,9M,mar  6 16:11,/tftpboot,access_group_magdalena1.txt
-rwxrwxrwx 1 root root,1,9M,mar  6 16:12,/tftpboot,access_group_magdalena2.txt
-rwxrwxrwx 1 root root,349K,mar  6 16:10,/tftpboot,access_group_mala1.txt
-rwxrwxrwx 1 root root,2,0M,mar  6 16:10,/tftpboot,access_group_miraflores3.txt
-rwxrwxrwx 1 root root,1,7M,mar  6 16:11,/tftpboot,access_group_miraflores4.txt
-rwxrwxrwx 1 root root,1,7M,mar  6 16:10,/tftpboot,access_group_monterrico3.txt
-rwxrwxrwx 1 root root,1,6M,mar  6 16:10,/tftpboot,access_group_retablo1.txt
-rwxrwxrwx 1 root root,1,5M,mar  6 16:11,/tftpboot,access_group_retablo2.txt
-rwxrwxrwx 1 root root,1,7M,mar  6 16:10,/tftpboot,access_group_retablo3.txt
-rwxrwxrwx 1 root root,2,0M,mar  6 16:11,/tftpboot,access_group_rimac1.txt
-rwxrwxrwx 1 root root,1,6M,mar  6 16:11,/tftpboot,access_group_sanborja2.txt
-rwxrwxrwx 1 root root,1,5M,mar  6 16:11,/tftpboot,access_group_sanisidro1.txt
-rwxrwxrwx 1 root root,1,8M,mar  6 16:10,/tftpboot,access_group_sanjose2.txt
-rwxrwxrwx 1 root root,1,7M,mar  6 16:10,/tftpboot,access_group_sanjose3.txt
-rwxrwxrwx 1 root root,2,0M,mar  6 16:11,/tftpboot,access_group_sanjuan2.txt
-rwxrwxrwx 1 root root,1,9M,mar  6 16:11,/tftpboot,access_group_sanjuan3.txt
-rwxrwxrwx 1 root root,1,5M,mar  6 16:10,/tftpboot,access_group_sanjuan4.txt
-rwxrwxrwx 1 root root,2,0M,mar  6 16:10,/tftpboot,access_group_trujillo2.txt
-rwxrwxrwx 1 root root,1,5M,mar  6 16:11,/tftpboot,access_group_vitarte1.txt
-rwxrwxrwx 1 root root,1,6M,mar  6 16:11,/tftpboot,access_group_vitarte2.txt
-rwxrwxrwx 1 root root,1,9M,mar  6 16:12,/tftpboot,access_group_washington2.txt
-rwxrwxrwx 1 root root,2,0M,mar  6 16:10,/tftpboot,access_group_zarate1.txt
-rwxrwxrwx 1 root root,1,8M,mar  6 16:11,/tftpboot,access_group_zarate2.txt
