parte1,tamanio,fecha,carpeta,archivo
-rwxrwxrwx 1 root root,338K,jul  2 10:02,/tftpboot,scmoffline_15_de_enero1.txt
-rwxrwxrwx 1 root root,878K,jul  2 10:03,/tftpboot,scmoffline_1eromayo1.txt
-rwxrwxrwx 1 root root,318K,jul  2 10:02,/tftpboot,scmoffline_200_millas1.txt
-rwxrwxrwx 1 root root,520K,nov 20  2019,/tftpboot,scmoffline_alborada1.txt
-rwxrwxrwx 1 root root,247K,jul  2 10:02,/tftpboot,scmoffline_almacen_piura1.txt
-rwxrwxrwx 1 root root,196K,jul  2 10:02,/tftpboot,scmoffline_ancon1.txt
-rwxrwxrwx 1 root root,895K,jul  2 10:03,/tftpboot,scmoffline_arequipa4.txt
-rwxr-xr-x 1 root root,734K,jul  2 10:02,/tftpboot,scmoffline_arequipa6.txt
-rwxrwxrwx 1 root root,728K,jul  2 10:02,/tftpboot,scmoffline_barranco1.txt
-rwxrwxrwx 1 root root,791K,jul  2 10:03,/tftpboot,scmoffline_barranco2.txt
-rwxrwxrwx 1 root root,275K,jul  2 10:02,/tftpboot,scmoffline_bolognesi1.txt
-rwxrwxrwx 1 root root,716K,jul  2 10:02,/tftpboot,scmoffline_buenosaires1.txt
-rwxrwxrwx 1 root root,1,7M,jul  2 10:03,/tftpboot,scmoffline_callao2.txt
-rwxrwxrwx 1 root root,1,8M,jul  2 10:03,/tftpboot,scmoffline_cantogrande1.txt
-rwxrwxrwx 1 root root,615K,jul  2 10:02,/tftpboot,scmoffline_castilla1.txt
-rwxrwxrwx 1 root root,339K,jul  2 10:02,/tftpboot,scmoffline_casuarinas1.txt
-rwxrwxrwx 1 root root,148K,jul  2 10:02,/tftpboot,scmoffline_catacaos1.txt
-rwxrwxrwx 1 root root,1,1M,jul  2 10:03,/tftpboot,scmoffline_cayma1.txt
-rwxrwxrwx 1 root root,776K,jul  2 10:02,/tftpboot,scmoffline_cercado1.txt
-rwxrwxrwx 1 root root,416K,jul  2 10:02,/tftpboot,scmoffline_chaclacayo1.txt
-rwxrwxrwx 1 root root,1,5M,jul  2 10:03,/tftpboot,scmoffline_chiclayo2.txt
-rwxrwxrwx 1 root root,95K,jul  2 10:03,/tftpboot,scmoffline_chiclayo3.txt
-rwxrwxrwx 1 root root,404K,jul  2 10:02,/tftpboot,scmoffline_chiclayo_centro1.txt
-rwxrwxrwx 1 root root,70K,jul  2 10:02,/tftpboot,scmoffline_chilca1.txt
-rwxrwxrwx 1 root root,348K,jul  2 10:02,/tftpboot,scmoffline_chillon1.txt
-rwxrwxrwx 1 root root,0,abr 29 19:06,/tftpboot,scmoffline_chimbote1.txt
-rwxrwxrwx 1 root root,1,1M,jul  2 10:03,/tftpboot,scmoffline_chimbote2.txt
-rwxrwxrwx 1 root root,1,3M,jul  2 10:03,/tftpboot,scmoffline_chorrillos1.txt
-rwxr-xr-x 1 root root,620K,jul  2 10:03,/tftpboot,scmoffline_chorrillos2.txt
-rwxrwxrwx 1 root root,1,2M,jul  2 10:03,/tftpboot,scmoffline_chorrillos3.txt
-rwxrwxrwx 1 root root,105K,jul  2 10:02,/tftpboot,scmoffline_chorrillos4.txt
-rwxrwxrwx 1 root root,561K,jul  2 10:02,/tftpboot,scmoffline_chosica1.txt
-rwxrwxrwx 1 root root,198K,jul  2 10:02,/tftpboot,scmoffline_ciudad_blanca1.txt
-rwxrwxrwx 1 root root,1,1M,jul  2 10:03,/tftpboot,scmoffline_condevilla1.txt
-rwxrwxrwx 1 root root,574K,jul  2 10:02,/tftpboot,scmoffline_condevilla2.txt
-rwxrwxrwx 1 root root,1,2M,jul  2 10:03,/tftpboot,scmoffline_cusco1.txt
-rwxrwxrwx 1 root root,1,1M,jul  2 10:03,/tftpboot,scmoffline_cusco2.txt
-rwxrwxrwx 1 root root,731K,jul  2 10:02,/tftpboot,scmoffline_el_agustino1.txt
-rwxrwxrwx 1 root root,192K,jul  2 10:02,/tftpboot,scmoffline_el_bosque1.txt
-rwxrwxrwx 1 root root,342K,jul  2 10:02,/tftpboot,scmoffline_el_progreso1.txt
-rwxrwxrwx 1 root root,1,2M,jul  2 10:03,/tftpboot,scmoffline_eltambo1.txt
-rwxrwxrwx 1 root root,266K,jul  2 10:02,/tftpboot,scmoffline_enrique_meiggs1.txt
-rwxrwxrwx 1 root root,966K,jul  2 10:03,/tftpboot,scmoffline_esperanza1.txt
-rwxrwxrwx 1 root root,114K,jul  2 10:02,/tftpboot,scmoffline_ferrenafe1.txt
-rwxrwxrwx 1 root root,142K,jul  2 10:02,/tftpboot,scmoffline_fundo_marquez1.txt
-rwxrwxrwx 1 root root,331K,jul  2 10:02,/tftpboot,scmoffline_garciacalderon1.txt
-rwxrwxrwx 1 root root,597K,jul  2 10:02,/tftpboot,scmoffline_granados1.txt
-rwxrwxrwx 1 root root,248K,jul  2 10:02,/tftpboot,scmoffline_higuereta1.txt
-rwxr-xr-x 1 root root,895K,jul  2 10:03,/tftpboot,scmoffline_higuereta3.txt
-rwxrwxrwx 1 root root,1,2M,jul  2 10:03,/tftpboot,scmoffline_higuereta4.txt
-rwxrwxrwx 1 root root,1,3M,jul  2 10:03,/tftpboot,scmoffline_higuereta5.txt
-rwxr-xr-x 1 root root,1,2M,jul  2 10:04,/tftpboot,scmoffline_higuereta6.txt
-rwxrwxrwx 1 root root,130K,jul  2 10:02,/tftpboot,scmoffline_huachipa1.txt
-rwxrwxrwx 1 root root,1,2M,jul  2 10:03,/tftpboot,scmoffline_huancayo1.txt
-rwxrwxrwx 1 root root,359K,jul  2 10:02,/tftpboot,scmoffline_huaycan1.txt
-rwxrwxrwx 1 root root,227K,jul  2 10:02,/tftpboot,scmoffline_huertos_de_manchay1.txt
-rwxrwxrwx 1 root root,215K,jul  2 10:02,/tftpboot,scmoffline_hunter1.txt
-rwxrwxrwx 1 root root,954K,jul  2 10:03,/tftpboot,scmoffline_ica2.txt
-rwxrwxrwx 1 root root,22K,jun 20  2019,/tftpboot,scmoffline_izcuchaca1.txt
-rwxrwxrwx 1 root root,24K,jul  2 10:02,/tftpboot,scmoffline_izuchaca1.txt
-rwxrwxrwx 1 root root,443K,jul  2 10:02,/tftpboot,scmoffline_josegalvez1.txt
-rwxrwxrwx 1 root root,552K,jul  2 10:02,/tftpboot,scmoffline_laalborada1.txt
-rwxrwxrwx 1 root root,238K,jul  2 10:02,/tftpboot,scmoffline_la_angostura1.txt
-rwxrwxrwx 1 root root,264K,jul  2 10:02,/tftpboot,scmoffline_lambayeque_centro1.txt
-rwxrwxrwx 1 root root,399K,jul  2 10:02,/tftpboot,scmoffline_la_molina1.txt
-rwxr-xr-x 1 root root,839K,jul  2 10:02,/tftpboot,scmoffline_lamolina2.txt
-rwxrwxrwx 1 root root,1,2M,jul  2 10:03,/tftpboot,scmoffline_lamolina3.txt
-rwxrwxrwx 1 root root,697K,jul  2 10:02,/tftpboot,scmoffline_larapa1.txt
-rwxrwxrwx 1 root root,770K,jul  2 10:02,/tftpboot,scmoffline_las_delicias1.txt
-rwxrwxrwx 1 root root,459K,jul  2 10:02,/tftpboot,scmoffline_las_flores1.txt
-rwxrwxrwx 1 root root,1,6M,jul  2 10:03,/tftpboot,scmoffline_lavictoria1.txt
-rwxrwxrwx 1 root root,102K,jul  2 10:02,/tftpboot,scmoffline_leguia1.txt
-rwxrwxrwx 1 root root,421K,jul  2 10:02,/tftpboot,scmoffline_leonardo_ortiz1.txt
-rwxrwxrwx 1 root root,1,5M,jul  2 10:00,/tftpboot,scmoffline_lince1.txt
-rwxrwxrwx 1 root root,777K,jul  2 10:02,/tftpboot,scmoffline_los_ficus1.txt
-rwxrwxrwx 1 root root,876K,jul  2 10:03,/tftpboot,scmoffline_los_olivos1.txt
-rwxrwxrwx 1 root root,1,3M,jul  2 10:00,/tftpboot,scmoffline_losolivos2.txt
-rwxrwxrwx 1 root root,1,2M,jul  2 10:03,/tftpboot,scmoffline_losolivos3.txt
-rwxrwxrwx 1 root root,421K,jul  2 10:02,/tftpboot,scmoffline_lurin1.txt
-rwxrwxrwx 1 root root,87K,jul  2 10:02,/tftpboot,scmoffline_macarena1.txt
-rwxrwxrwx 1 root root,1,4M,jul  2 10:03,/tftpboot,scmoffline_magdalena1.txt
-rwxrwxrwx 1 root root,1,3M,jul  2 10:03,/tftpboot,scmoffline_magdalena2.txt
-rwxrwxrwx 1 root root,711K,jul  2 10:02,/tftpboot,scmoffline_magdalena3.txt
-rwxrwxrwx 1 root root,250K,jul  2 10:03,/tftpboot,scmoffline_mala1.txt
-rwxrwxrwx 1 root root,1,4M,jul  2 10:03,/tftpboot,scmoffline_mariategui1.txt
-rwxrwxrwx 1 root root,957K,jul  2 10:03,/tftpboot,scmoffline_mariscalcaceres1.txt
-rwxrwxrwx 1 root root,1,8K,jul  2 10:02,/tftpboot,scmoffline_miraflores1.txt
-rwxr-xr-x 1 root root,1,1M,jul  2 10:03,/tftpboot,scmoffline_miraflores2.txt
-rwxrwxrwx 1 root root,1,4M,jul  2 10:03,/tftpboot,scmoffline_miraflores3.txt
-rwxrwxrwx 1 root root,1,3M,jul  2 10:03,/tftpboot,scmoffline_miraflores4.txt
-rwxrwxrwx 1 root root,450K,jul  2 10:02,/tftpboot,scmoffline_mirones1.txt
-rwxrwxrwx 1 root root,184K,jul  2 10:02,/tftpboot,scmoffline_moche1.txt
-rwxrwxrwx 1 root root,114K,jul  2 10:02,/tftpboot,scmoffline_monsefu1.txt
-rwxrwxrwx 1 root root,677K,jul  2 10:02,/tftpboot,scmoffline_monterrey1.txt
-rwxr-xr-x 1 root root,1,2M,jul  2 10:02,/tftpboot,scmoffline_monterrico2.txt
-rwxrwxrwx 1 root root,1,3M,jul  2 10:03,/tftpboot,scmoffline_monterrico3.txt
-rwxrwxrwx 1 root root,443K,jul  2 10:02,/tftpboot,scmoffline_monterrico5.txt
-rwxrwxrwx 1 root root,840K,jul  2 10:02,/tftpboot,scmoffline_pamplona1.txt
-rwxrwxrwx 1 root root,206K,jul  2 10:02,/tftpboot,scmoffline_parcona1.txt
-rwxr-xr-x 1 root root,0,jul  2 09:44,/tftpboot,scmoffline_piura2.txt
-rwxrwxrwx 1 root root,99K,jul  2 10:02,/tftpboot,scmoffline_pomalca1.txt
-rwxrwxrwx 1 root root,600K,jul  2 10:02,/tftpboot,scmoffline_porvenir1.txt
-rwxrwxrwx 1 root root,763K,jul  2 10:02,/tftpboot,scmoffline_puentepiedra1.txt
-rwxrwxrwx 1 root root,144K,jul  2 10:02,/tftpboot,scmoffline_quinones1.txt
-rwxrwxrwx 1 root root,1,3M,jul  2 10:03,/tftpboot,scmoffline_retablo1.txt
-rwxrwxrwx 1 root root,1,1M,jul  2 10:03,/tftpboot,scmoffline_retablo2.txt
-rwxrwxrwx 1 root root,1,2M,jul  2 10:03,/tftpboot,scmoffline_retablo3.txt
-rwxr-xr-x 1 root root,1,1M,jul  2 10:03,/tftpboot,scmoffline_retablo4.txt
-rwxrwxrwx 1 root root,200K,jul  2 10:02,/tftpboot,scmoffline_retablo5.txt
-rwxrwxrwx 1 root root,1,3M,jul  2 10:03,/tftpboot,scmoffline_rimac1.txt
-rwxr-xr-x 1 root root,0,jul  2 10:02,/tftpboot,scmoffline_rimac2.txt
-rwxrwxrwx 1 root root,275K,jul  2 10:02,/tftpboot,scmoffline_rimac3.txt
-rwxrwxrwx 1 root root,218K,jul  2 10:02,/tftpboot,scmoffline_salaverry1.txt
-rwxrwxrwx 1 root root,395K,jul  2 10:02,/tftpboot,scmoffline_san_borja1.txt
-rwxrwxrwx 1 root root,1,1M,jul  2 10:03,/tftpboot,scmoffline_sanborja2.txt
-rwxr-xr-x 1 root root,739K,jul  2 10:02,/tftpboot,scmoffline_sanborja3.txt
-rwxrwxrwx 1 root root,1,1M,jul  2 10:03,/tftpboot,scmoffline_sanisidro1.txt
-rwxr-xr-x 1 root root,814K,jul  2 10:03,/tftpboot,scmoffline_sanisidro2.txt
-rwxr-xr-x 1 root root,871K,jul  2 10:03,/tftpboot,scmoffline_sanisidro3.txt
-rwxr-xr-x 1 root root,897K,jul  2 10:02,/tftpboot,scmoffline_sanjose1.txt
-rwxrwxrwx 1 root root,1,4M,jul  2 10:03,/tftpboot,scmoffline_sanjose2.txt
-rwxrwxrwx 1 root root,1,2M,jul  2 10:03,/tftpboot,scmoffline_sanjose3.txt
-rwxrwxrwx 1 root root,1,3M,jul  2 10:03,/tftpboot,scmoffline_sanjose5.txt
-rwxrwxrwx 1 root root,425K,jul  2 10:02,/tftpboot,scmoffline_sanjose6.txt
-rwxrwxrwx 1 root root,1,3M,jul  2 10:03,/tftpboot,scmoffline_sanjuan2.txt
-rwxrwxrwx 1 root root,1,4M,jul  2 10:03,/tftpboot,scmoffline_sanjuan3.txt
-rwxrwxrwx 1 root root,924K,jul  2 10:03,/tftpboot,scmoffline_sanjuan4.txt
-rwxrwxrwx 1 root root,667K,jul  2 10:03,/tftpboot,scmoffline_san_roque1.txt
-rwxrwxrwx 1 root root,471K,jul  2 10:02,/tftpboot,scmoffline_santa_clara1.txt
-rwxrwxrwx 1 root root,1,1M,jul  2 10:03,/tftpboot,scmoffline_santa_rosa1.txt
-rwxrwxrwx 1 root root,343K,jul  2 10:02,/tftpboot,scmoffline_tahuantinsuyo1.txt
-rwxrwxrwx 1 root root,1,4M,jul  2 10:03,/tftpboot,scmoffline_trujillo2.txt
-rwxr-xr-x 1 root root,1,3M,jul  2 10:03,/tftpboot,scmoffline_trujillo3.txt
-rwxrwxrwx 1 root root,752K,jul  2 10:02,/tftpboot,scmoffline_ventanilla1.txt
-rwxrwxrwx 1 root root,2,1M,jul  2 10:00,/tftpboot,scmoffline_villaelsalvador1.txt
-rwxrwxrwx 1 root root,173K,jul  2 10:02,/tftpboot,scmoffline_villa_rica1.txt
-rwxrwxrwx 1 root root,860K,jul  2 10:03,/tftpboot,scmoffline_villasol1.txt
-rwxrwxrwx 1 root root,1,2M,jul  2 10:03,/tftpboot,scmoffline_vitarte1.txt
-rwxrwxrwx 1 root root,1,1M,jul  2 10:03,/tftpboot,scmoffline_vitarte2.txt
-rwxr-xr-x 1 root root,977K,jul  2 10:01,/tftpboot,scmoffline_vitarte3.txt
-rwxrwxrwx 1 root root,1,3M,jul  2 10:03,/tftpboot,scmoffline_washington2.txt
-rwxr-xr-x 1 root root,1,2M,jul  2 10:03,/tftpboot,scmoffline_washington3.txt
-rwxrwxrwx 1 root root,638K,jul  2 10:04,/tftpboot,scmoffline_washington4.txt
-rwxrwxrwx 1 root root,249K,jul  2 10:02,/tftpboot,scmoffline_zamacola1.txt
-rwxrwxrwx 1 root root,656K,jul  2 10:02,/tftpboot,scmoffline_zapallal1.txt
-rwxrwxrwx 1 root root,1,3M,jul  2 10:03,/tftpboot,scmoffline_zarate1.txt
-rwxrwxrwx 1 root root,1,3M,jul  2 10:03,/tftpboot,scmoffline_zarate2.txt
-rwxrwxrwx 1 root root,497K,jul  2 10:02,/tftpboot,scmoffline_zarate3.txt
