archivo,tamanio
access_group_arequipa4.txt,1,4M
access_group_cayma1.txt,1,5M
access_group_chiclayo2.txt,1,6M
access_group_chorrillos1.txt,0
access_group_chorrillos3.txt,1,4M
access_group_condevilla1.txt,1,5M
access_group_cusco1.txt,1,6M
access_group_cusco2.txt,0
access_group_higuereta4.txt,1,8M
access_group_higuereta5.txt,1,8M
access_group_lamolina3.txt,1,3M
access_group_lince1.txt,2,0M
access_group_losolivos2.txt,1,7M
access_group_losolivos3.txt,1,5M
access_group_magdalena1.txt,1,9M
access_group_magdalena2.txt,1,9M
access_group_mala1.txt,349K
access_group_miraflores3.txt,2,0M
access_group_miraflores4.txt,1,7M
access_group_monterrico3.txt,1,7M
access_group_retablo1.txt,1,6M
access_group_retablo2.txt,1,5M
access_group_retablo3.txt,1,7M
access_group_rimac1.txt,2,0M
access_group_sanborja2.txt,1,6M
access_group_sanisidro1.txt,1,5M
access_group_sanjose2.txt,1,8M
access_group_sanjose3.txt,1,7M
access_group_sanjuan2.txt,2,0M
access_group_sanjuan3.txt,1,9M
access_group_sanjuan4.txt,1,5M
access_group_trujillo2.txt,2,0M
access_group_vitarte1.txt,1,5M
access_group_vitarte2.txt,1,6M
access_group_washington2.txt,1,9M
access_group_zarate1.txt,2,0M
access_group_zarate2.txt,1,8M
